"name";"cost";"skill";"leveling";"manacost";"actionpoints";"type";"range";"implement";"ingredients";"duration";"staminacost";"display_name";"parent";"chance";"requires";"force";"conditions";"requires_raw";"class";"root";"index";"equipment";"effect";"result";"quality";"flavor";"tags"
"Absorb Charge";2;"Fire";"None";"";"3";"Meditation";"";"";"";"";"";"";"";"";"";"";"";"";"";"Absorb Charge";0;"";"Try to reduce the amount of Charge by 1, if you can you gain 3 Mana.";"";"";"";""
"Aegis of Faith";3;"Divine";"None";"8";"Channel 10";"Spell - Enchantment, Barrier";"5m";"Incantation";"";"";"";"";"";"DEV";"";"";"";"";"";"Aegis of Faith";0;"";"Prevents the next 5 pre-mitigation Damage dealt to the target<br>Does not stack";"";"";"";""
"Aegis of Restoration";4;"Divine";"None";"+5";"+5";"Upgrade";"";"";"";"";"";"";"Aegis of Faith";"";"";"";"";"Healing Touch";"";"Healing Touch";1;"";"While shielded by the aegis the target regenerates 1d3 Health every Turn (beginning one turn after receiving the Aegis)";"";"";"";"Healing"
"Aegis of Retribution";2;"Divine";"None";"+5";"+5";"Upgrade";"5m";"";"";"";"";"";"Aegis of Faith";"";"";"";"";"Smite";"";"Smite";1;"";"Whenever the target is dealt Damage (pre-mitigation) the source of the Damage is dealt 1d6 Holy Damage";"";"";"";""
"Aerial Overhead Swing";0;"1H2H";"None";"";"-2";"Maneuver Variant (Overhead Swing)";"";"Any Two Handed Weapon, One Handed swords, bludgeons and axes";"";"";"";"";"Overhead Swing";"";"";"";"Can only be used while Falling/Jumping";"";"";"Aerial Overhead Swing";0;"";"Decrease Hit Chance by 4 + height in meters<br>Increases Force by 4 + height in meters<br>Increases Damage by 2 + height in meters";"";"";"";""
"Aether Attunement";5;"ProwessMagic";"Inc";"";"";"Passiv";"";"";"";"";"";"";"";"";"";"";"";"";"";"Aether Attunement";0;"";"Increase Mana Regneration by 1 per Level";"";"";"";""
"Aether Blast";2;"Air";"None";"5";"10";"Spell - Aether";"";"Gesture";"";"";"";"";"";"INT";"";"";"";"Aether Storm, Gust";"";"Like the Wind";15;"";"Deals 1d6 + 2 Arcane Damage to the target";"";"";"";""
"Aether Storm";2;"Air";"None";"";"Channel X";"Spell";"";"Gesture";"";"";"";"";"";"";"";"";"";"Aether Winds";"";"Like the Wind";2;"";"Reduce the Mana Regeneration of all Characters in a 20m radius by 5";"";"";"";""
"Aether Winds";2;"Air";"None";"3";"10";"Spell - Aether";"5 m";"Gesture";"";"";"";"";"";"INT";"";"";"";"Like the Wind";"";"Like the Wind";1;"";"Restore up to 3 + 1d3 Mana to all Characters within a 3m radius";"";"";"";""
"Afterburn";3;"Fire";"None";"+4";"";"Upgrade";"";"";"";"";"";"";"Spew Fire";"";"";"";"";"";"";"Afterburn";0;"";"Reduces your APT by 5 while active. You continue to spew fire for 2 Turns, dealing 1d3 Fire Damage per Turn to every Character hit. You can move while this effect is active (keep your body orientation in mind)";"";"";"";""
"Aid of Aloe";2;"Creation";"None";"1000";"";"Ritual - Healing";"";"";"";"";"";"";"";"";"";"";"";"Aid of Flowers";"";"Floral Empathy";2;"";"Allows a burn to fully heal over time without causing scar tissue.<br>Heals the injury by 1D6 immediately.";"";"";"";"Healing"
"Aid of Flowers";2;"Creation";"None";"5";"10";"Spell - Healing";"";"Gesture";"";"10 min";"";"";"";"EMP";"";"";"";"Floral Empathy";"";"Floral Empathy";1;"";"Restore up to 1D6 + 3 Health to the target<br>(Can not heal injuries)";"";"";"";"Healing"
"Aid of Laurels";2;"Creation";"None";"1000";"";"Ritual - Healing";"";"";"";"";"";"";"";"";"";"";"";"Aid of Flowers";"";"Floral Empathy";3;"";"Allows a Piercing Injury to fully heal over time without causing scar tissue.<br>Heals the injury by 1D6 immediately.";"";"";"";"Healing Piercing"
"Aid of Tumeric";2;"Creation";"None";"500";"";"Ritual - Healing";"";"";"";"";"";"";"";"";"";"";"";"Aid of Flowers";"";"Floral Empathy";4;"";"Disinfects a flesh wound and prevents further infection for 1h";"";"";"";""
"Aim Proficiency";5;"ProwessRanged";"Inc";"";"";"Passive";"";"";"";"";"";"";"";"";"";"";"";"";"";"Aim Proficiency";0;"";"Increases Ranged Hit Chance by 1";"";"";"";""
"Air Blast";3;"Air";"None";"5";"10";"Spell - Wind";"5m";"Gesture";"";"";"";"";"";"INT";"";"";"";"Gust";"";"Like the Wind";16;"";"Deals 1d3 Blunt Damage<br>?_Knocks back_Knock Back__ the target by 1m";"";"";"";""
"Ambush";1;"Deception";"Exp";"";"5";"Passive";"";"";"";"";"";"";"";"";"";"";"";"";"";"Ambush";0;"";"At the beginning of combat, if you were not surprised, gain 1AP per Level";"";"";"";""
"Analyse Ingredients";2;"Alchemy";"None";"";"";"Recipe";"";"";"Any Matter (one type)";"30min + X*30min";"";"";"";"";"";"";"";"";"";"Analyse Ingredients";0;"Poor Alchemy Equipment";"";"You obtain information from the DM about the Active Ingredients in the Matter depending on the Quality:<br><br>< 10   : Wrong Primary Ingredient (e.g. %DQ%It primarily contains Apollium%DQ%)<br>10 - 19: No Information<br>20 - 49: Primary Ingredient without concentration (e.g. %DQ%It primarily contains Mortis%DQ%)<br>50 - 69: All ingredients except least (e.g. %DQ%It primarily contains Mortis as well as some Hypnum%DQ%)<br>70 - 89: All Ingredients except least and the dosage (e.g. %DQ%It primarily contains Mortis as well as some Hypnum, it has 3 doses per 100g%DQ%)<br>90+    : All Ingredients including dosage (e.g. %DQ%It contains: 3 parts Mortis, 2 parts Hypnum and 1 part Evigilis, it has 3 doses per 100g%DQ% / ?_3_MMMHHE_Alchemy_)";"INTd6 + (1d6 per additional 30min) - 20 [Hidden Roll]";"%DQ%I. Analyse to further understanding%DQ%<br>    -Alchemy for Beginners page 3";""
"Animalistic Instinct";1;"Creation";"None";"";"";"Passive - ?__Sense__";"";"";"";"";"";"";"";"";"";"";"";"";"";"Animalistic Instinct";0;"";"You can feel if an animal within WIL * 100 meters of you is ?_afraid_Fear__ or hurt";"";"";"";""
"Animate Zombie";6;"Corruption";"None";"4000";"";"Ritual - Necromancy";"";"";"Dead Body<br>Soul Shard";"";"";"";"";"";"";"";"";"";"";"Animate Zombie";0;"";"Animates a dead body into a ?_Zombie_creatures?name=Zombie_Link_.<br>The zombie will die again, after a thousandth the normal life span of the creature whose soul was used<br><br>All Attributes of the Zombie are the same as in life except:<br>Maximum Mana, Mana Regen and Ranged Hit Chance are 0<br>Mental Attributes are each the minimum of the the Soul Shards Attributes and those the Zombie had in life<br><br>The Zombie is not under your control but is harmless and will stumble around aimlessly.<br>";"";"";"";""
"Animated Projections";3;"Eldritch";"None";"";"Channel X (Minimum base cost)";"Augment - Projection";"5m";"";"";"";"";"";"";"";"";"";"";"Flat Projection";"";"Shimmer";3;"";"Allows you to create animated illusions instead of still images.<br>While creating the Projection you may define any number of motions within the projections area, after you finish the spell the projection will perpetually loop through those motions.<br>(The illusion is still confined to it%SQ%s initial area, can not cause the projection to actually move around)";"";"";"";""
"Aqueous Blade";2;"Enchanting";"None";"6k";"";"Recipe - Enchantment";"";"";"Any bladed weapon<br>Weight of the blade in water<br>?_Essence of a Water Elemental_items?name=Elemental Essence Water_Popup_";"";"";"";"";"";"";"";"";"Create Water, Blade Smith (II)";"";"Blade Smith";1;"";"";"A Blade made out of water, it seems to drip but never diminishes in mass.<br>Damage increased by 1<br>The blade ignores all materials that can be soaked. It will pass through those materials simply soaking them and not damaging them otherwise.";"";"";""
"Attack Proficiency";5;"ProwessMelee";"Inc";"";"";"Passive";"";"";"";"";"";"";"";"";"";"";"";"";"";"Attack Proficiency";0;"";"Increases Melee Hit Chance by 1 per Level";"";"";"";""
"Autistic";0;"Perk";"None";"";"";"Perk";"";"";"";"";"";"";"";"";"";"";"";"";"";"Autistic";0;"";"+2 INT<br>+4 REC<br>-2 GRE<br>-6 EMP";"";"";"";""
"Bake Bread";2;"Cooking";"None";"";"";"Recipe";"";"";"Flour, Water";"1 - 2 hours";"";"";"";"";"";"";"";"";"";"Bake Bread";0;"";"";"Bread (20 + 4d6)";"";"";""
"Banish";3;"Divine";"None";"6";"10";"Spell";"";"Incantation";"";"";"";"";"";"DEV";"";"";"";"Ethereal Shockwave";"";"Smite";4;"";"Instantly moves all ?__ethereal__ Characters within 10m around you outside of that perimiter and deals 1d6 Holy Damage to them. Ethereal Characters that can not move through solid matter are placed as close to the perimeter as possible.";"";"";"";""
"Barbed Vines";2;"Creation";"None";"";"";"Upgrade";"";"";"";"";"";"";"Ensnaring Vines";"";"Ensnaring Vines, ";"";"";"Ensnaring Vines";"";"Barbed Vines";0;"";"Characters being ensnared by the vines take 1D3 Piercing Damage<br>";"";"";"";""
"Barter";1;"Communication";"Default";"";"";"Passive";"";"";"";"";"";"";"";"";"";"";"";"";"";"Barter";0;"";"Increases CHA by 2 while bartering";"";"";"";""
"Basic Transmutation";2;"Alchemy";"None";"5k per Kg";"";"Recipe - Transmutation";"";"";"Hydrocloric Acid, Saltpeter, Coal or Sulfur";"";"";"";"";"";"";"";"";"";"";"Basic Transmutation";0;"";"";"Quartz Sand, Hydrocloric Acid, Saltpeter, Coal or Sulfur<br>Transmutes a percentage of the matter equal to the Quality, the rest of the matter becomes quartz sand<br>";"(40 + 4d6)";"";""
"Bathe in Blood";2;"Corruption";"None";"";"";"Passive";"";"";"";"";"";"";"";"";"";"";"";"Blood Boil";"";"Bloodscent";2;"";"Whenever you kill a Character you may gain Blood Boil (Refresh the duration of Blood Boil if you are already affected)";"";"";"";""
"Bihand Feint";5;"ProwessMelee";"None";"";"";"Maneuver Variant (Feint)";"";"Two Melee Weapons";"";"";"";"";"Feint";"-1";"";"";"";"";"";"Bihand Feint";0;"";"Target has Disadvantage on Parry and Dodge";"";"";"";"multicombat, Parry, two handed"
"Binding Vines";3;"Creation";"None";"";"";"Upgrade";"";"";"";"";"";"";"Ensnaring Vines";"";"Ensnaring Vines, ";"";"";"Ensnaring Vines";"";"Binding Vines";0;"";"Victims become ?__bound__ instead of ensnared";"";"";"";""
"Bite";0;"Earth";"None";"";"8";"Attack";"";"";"";"";"";"";"";"Melee Hit Chance - 4";"";"";"";"";"";"Bite";0;"";"Deal 1D3 Piercing Damage";"";"";"";""
"Blade Smith";2;"Blacksmithing";"Default";"";"";"Passive";"";"";"";"";"";"";"";"";"";"";"";"";"";"Blade Smith";0;"";"You may re-roll 3d6 per level when crafting Blades";"";"";"";""
"Bless Water";3;"Divine";"None";"1000 per liter";"";"Ritual - Salvation";"";"";"Clear Water";"";"";"";"";"";"";"";"";"";"";"Bless Water";0;"";"Transforms a percentage equal to the quality into Holy Water, the rest of the water evaporates<br>?__items?name=Holy Water_Container_";"";"10 + DEVd6";"";""
"Blinding Touch";3;"Divine";"None";"8";"12";"Spell - Damnation";"Touch";"Gesture";"";"";"";"";"";"DEV";"";"";"";"";"";"Blinding Touch";0;"";"The target becomes ?__blind__ for 2 turns";"";"";"";""
"Blizzard";3;"Water";"None";"10";"Channel X";"Spell - Ice, AoE";"Self";"Gesture";"";"";"";"";"";"INT";"";"";"";"";"";"Blizzard";0;"";"Characters within 2 meters of you take 2 + 1d6 Frost Damage per Turn";"";"";"";""
"Blocking Proficency";5;"ProwessMelee";"Inc";"";"";"Passive";"";"";"";"";"";"";"";"";"";"";"";"";"";"Blocking Proficency";0;"";"Reduces the Hit Chance Penalty of Melee attacks by 2 per level while blocking.";"";"";"";""
"Blood Boil";2;"Corruption";"None";"4";"";"Spell - Berserker";"Self";"";"";"2 Turns";"";"";"";"STR";"";"";"";"Bloodscent";"";"Bloodscent";1;"";"Increases MPA by 2<br>Increases Knockout Threshold by 10<br>Decreases all Hit Chances by 2";"";"";"";""
"Blood Snare";3;"Corruption";"None";"8";"";"Spell";"Touch";"Gesture";"";"";"";"";"";"WIL";"";"";"Target must have a piercing wound";"Bloodscent";"";"Bloodscent";12;"";"Target becomes ?__ensnared__ for 2 Turns";"";"";"";""
"Bloodscent";3;"Corruption";"None";"";"";"Passive - ?__Sense__";"";"";"";"";"";"";"";"PER + Wound Size - Distance/100m";"";"";"";"";"";"Bloodscent";0;"";"You can sense piercing wounds of Characters who%SQ%s blood you touched within 24 hours<br>";"";"";"";""
"Bloodthirst";3;"Corruption";"None";"";"";"Passive";"";"";"";"";"";"";"";"";"";"";"";"Bloodscent";"";"Bloodscent";13;"";"Whenever you deal damage with a bite attack restore up to 1d3 Health, but not more than the amount of damage dealt";"";"";"Technically not vampirism";"Healing, Drain, vampirism"
"Bluffing";1;"Communication";"Default";"";"";"Passive";"";"";"";"";"";"";"";"";"";"";"";"";"";"Bluffing";0;"";"Increases CHA by 1 while lying or bluffing";"";"";"";"lying, lie"
"Bramble Thicket";2;"Creation";"None";"";"";"Upgrade";"";"";"";"";"";"";"Create Thicket";"";"Create Thicket, ";"";"";"Create Thicket";"";"Bramble Thicket";0;"";"Characters moving inside of or through the thicket at an ?_Unsafe Speed_Rough Terrain__ take 1D3 Piercing Damage. If a Character falls inside the thicket they take an additional 1D3 Piercing Damage<br>";"";"";"";""
"Break Fall";1;"Acrobatics";"Default";"";"";"Passive";"";"";"";"";"";"";"";"";"";"";"";"";"";"Break Fall";0;"";"Increases CON by 1 per Level while trying to break a fall";"";"";"";""
"Burst Lightning";2;"Fire";"None";"+4";"";"Upgrade";"";"";"";"";"";"";"Chain Lightning";"";"";"";"";"Chain Lightning";"";"Electrosensitivity";6;"";"When the lightning hits the first target, instead of rolling a d2 to determine if the lightning jumps, it jumps to the closest 1d6 targets in range at once an no further after that (still affected by ?_Chaining_abilities?name=Chain Lightning Chaining_popup_)";"";"";"";""
"Call Beast";3;"Creation";"None";"6";"12";"Spell";"";"Incantation";"";"";"";"";"";"WIL, You have advantage if you can speak to the chosen kind of animal";"";"";"";"Animalistic Instinct";"";"Animalistic Instinct";1;"";"Call forth all animals of a species of your choice within 200m. The Animals will try to approach you but will not otherwise change their behaviour.";"";"";"";""
"Calm Beast";2;"Creation";"None";"6";"Channel 6 per contest round";"Spell";"";"Incantation";"";"";"";"";"";"WIL/WIL Contest, You have advantage if you can speak to the chosen kind of animal";"";"";"";"Animalistic Instinct";"";"Animalistic Instinct";3;"";"Causes an animal to become calm and docile for 5 minutes. Does not prevent the animal from being enraged again";"";"";"";""
"Chain Lightning";3;"Fire";"None";"10";"14";"Spell - Lightning";"15m";"Gesture";"";"";"";"";"";"INT, ?__Voltaic__";"";"";"";"Lightning Bolt";"";"Electrosensitivity";5;"";"Deals 0 + 1D6 Fire Damage to the target.<br>Increases Charge by 1.<br>Whenever a target is hit roll a D2, if you roll a 1 Chain Lightning also hits the closest target within 1 + ?_Charge_rules?name=Voltaic_popup_ meters. One Chain Lightning can not hit the same target twice";"";"";"";""
"Chain Lightning Chaining";1;"Fire";"Inc";"";"";"Upgrade";"";"";"";"";"";"Chaining";"Chain Lightning";"";"";"";"";"Chain Lightning";"";"Chain Lightning Chaining";0;"";"The lightning bounces at least once per Level";"";"";"";""
"Change Facial Features";3;"Eldritch";"None";"~5";"10";"Spell - Enchantment, Illusion, Projection";"Touch";"Gesture";"";"";"";"";"";"CHA";"";"";"";"Animated Projections";"";"Shimmer";4;"";"Morph the facial features of a Character by changing their size and position.<br>All features retain their usual function and can be moved and emoted with as normal.<br>These Changes are purely cosmetic, elongated facial features may clip through objects<br><br><br>May be dismissed at any time";"";"";"";""
"Change Voice";3;"Eldritch";"None";"~3";"10";"Spell - Enchantment, Illusion";"Touch";"Gesture";"";"";"";"";"";"CHA";"";"";"";"Mimic Sound";"";"Strange Sounds";2;"";"Change the pitch or volume of any Character%SQ%s voice up or down by up to 50% down or 100% up<br>May be dismissed at any time by you but only after lasting for at least 5 minutes.<br>This effect is removed if the voice of the Character is changed by any other source.";"";"";"";""
"Chef";1;"Cooking";"Default";"";"";"Passive";"";"";"";"";"";"";"";"";"";"";"";"";"";"Chef";0;"";"You may re-roll up to one d6 per level while cooking meals";"";"";"";""
"Choke";0;"unarmed";"";"";"10";"Attack";"";"";"";"";"";"";"";"";"";"";"The target must be grappled by you";"";"";"Choke";0;"";"Deal 1D6 + (STR / 2) - 5 Blunt Damage";"";"";"";""
"Choose Aspect";3;"Divine";"None";"";"";"Ritual";"";"";"";"24h";"";"";"";"";"";"";"";"";"";"Choose Aspect";0;"";"Choose an Aspect<br><br>?_Aspect of Fire__h_<br>Whenever you would deal Holy or Fire Damage you instead deal 50% Holy and 50% Fire Damage (rounded towards Holy)<br>?_Aspect of Peace__h_<br>Increase the strength of Barriers you cast by 50%<br>Reduce all Holy Damage you would deal to 0<br>?_Aspect of Decay__h_<br>Reduce all healing you would provide to 0<br>If a spell you cast would deal Holy Damage it deals Decay Damage instead<br>?_Aspect of the Hearth__h_<br>Increase the quality of all food you cook by 25<br>?_Aspect of the Moon__h_<br>At night, increases the Hit Chance of all your Divine Abilities by 0 to 3 depending on the week of the moon (0 for new moon, 1 for crescent and 3 for full)<br>";"";"";"";""
"Circle Cleave";4;"Corruption";"None";"";"";"Uprade";"";"";"";"";"";"";"Savage Cleave";"";"";"";"";"";"";"Circle Cleave";0;"";"Deal Damage to all Characters within a 360 degree area instead of 180";"";"";"";""
"Climbing";1;"Acrobatics";"Default";"";"";"Passive";"";"";"";"";"";"";"";"";"";"";"";"";"";"Climbing";0;"";"Increases AGI and STR by 1 per Level while climbing";"";"";"";""
"Combustion";3;"Fire";"None";"x2";"";"Augment - Fire";"";"";"";"";"";"";"";"";"";"";"";"Nova";"";"Ignite";12;"";"Doubles all Fire Damage the spell deals and turns it into Blunt Damage";"";"";"Kaboooom!";""
"Command Beast";4;"Creation";"None";"";"5";"Spell";"";"Incantation";"";"";"";"";"";"WIL/WIL Contest, The animal has advantage unless you can speak to it";"";"";"";"Call Beast, Calm Beast, Frenzy Beast";"";"Animalistic Instinct";4;"";"Causes an animal to become subservient to you for 30min. The Animal gains the commands follow me, stay and attack and can be commanded non-verbally as long as you can see it<br><br>Controlling an Animal reduces your Willpower by the Animals Willpower<br>";"";"";"";""
"Compete";0;"";"";"";"5";"Action";"";"";"";"";"";"";"";"";"";"";"";"";"";"Compete";0;"";"Roll a six sided die and add its result to the Attribute you use in this competition minus any penalties you have incurred during this contest.<br>If the result is higher than your opponents last result permanently increase their contest results by 2<br>";"";"";"";""
"Concentrate Tincture";2;"Alchemy";"None";"";"";"Recipe";"";"";"Any Tincture";"30min";"";"";"";"";"";"";"";"";"";"Concentrate Tincture";0;"Poor Alchemy Equipment";"";"Reduces the Amount of Tincture by a Percentage up to the Quality while keeping the amount of Active Ingredients the same<br>Can not reduce the amount bellow 10% of the original but can be applied repeatedly<br><br>Example:<br>Ingredients: 100ml Water ?_1_MMA_Alchemy_<br>Quality: 60<br>Result: 40ml Water ?_1_MMA_Alchemy_";"10 + 4d6<br>+10 for each ?_equipment level_rules?name=Crafting Equipment_Popup_<br>-20 for each power of ten below 1 liter of ingredients, round down to nearest power (-0 for 1L or more, -20 for 0.9999 to 0.1L, -40 for 0.099999 to 0.01L and so on)<br>";"%DQ%III. Concentrate to increase potency%DQ% <br>    -Alchemy for Beginners page 15";""
"Confectioner";3;"Cooking";"Inc";"";"";"Passive - ?__Profession__";"";"";"";"";"";"";"";"";"";"";"";"Cook (I)";"";"Cook";1;"";"Applies to cakes, cookies and sweet pies.<br>Increases quality by 2d6 and allows you to re-roll up to four d6 per Level";"";"";"";""
"Confusion Blast";2;"Eldritch";"None";"5";"12";"Spell - Psyonic";"10m";"";"";"";"";"";"";"INT";"Mind Blast, ";"";"";"Mind Blast";"";"Mind Blast";1;"";"Deals 1d6 Arcane Damage, if the target takes more than 4 Damage this way they become ?__Distracted__ for 2 Turns";"";"";"";""
"Consecrate Water";3;"Divine";"None";"2000 per liter";"";"Ritual - Salvation";"";"";"Holy Water";"";"";"";"";"";"";"";"";"Bless Water";"";"Bless Water";1;"";"Transforms a percentage equal to the quality into Divine Water, the rest of the water evaporates<br>?__items?name=Divine Water_Container_";"";"10 + DEVd6";"";""
"Cook";1;"Cooking";"Default";"";"";"Passive";"";"";"";"";"";"";"";"";"";"";"";"";"";"Cook";0;"";"Increases the quality of all meals you cook by 1d6";"";"";"";""
"Cook Stew";0;"Cooking";"None";"";"";"Recipe";"";"";"Water, Broth (Optional), Vegetables and or Meat";"1 - 2 hours";"";"";"";"";"";"";"";"";"";"Cook Stew";0;"";"";"Stew (20 + 4d6)";"";"";""
"Copy Face";3;"Eldritch";"None";"~10";"10";"Spell - Enchantment, Illusion, Projection";"Touch";"Gesture";"";"";"";"";"";"CHA";"";"";"";"Change Facial Features";"";"Shimmer";5;"";"Turn a Character%SQ%s face into an exact copy of a Face you know.<br>Does not affect the rest of the body.<br>These Changes are purely cosmetic, elongated facial features may clip through objects<br><br>May be dismissed at any time";"";"";"";""
"Copy Voice";4;"Eldritch";"None";"~5";"10";"Spell - Enchantment, Illusion";"Touch";"Gesture";"";"";"";"";"";"CHA";"";"";"";"Change Voice, Mimic Voice";"";"Strange Sounds";7;"";"Changes any Character%SQ%s voice into one chosen by you that you know.<br>May be dismissed at any time by you but only after lasting for at least 5 minutes.<br>This effect is removed if the voice of the Character is changed by any other source.";"";"";"";""
"Corrosive Touch";2;"Corruption";"None";"4";"8";"Spell - Necrotic";"Touch";"Incantation, Gesture";"";"";"";"";"";"WIL + 4";"";"";"";"Sense Death";"";"Sense Death";1;"";"Deals 1d3 Decay Damage if bare skin is touched<br>Deals 1d3 Damage to Armor";"";"";"";""
"Create Beaconing Helmet";1;"Enchanting";"None";"10k";"";"Recipe - Enchantment, Psyonic";"";"";"Two identical helmets made out of the same piece of metal";"";"";"";"";"";"";"";"";"Telepathy";"";"Mind Blast";5;"";"";"?__items?name=beaconing helmet_Container_";"20 + 4d6";"";""
"Create Ember";1;"Fire";"None";"";"2";"Spell - Fire, Cantrip";"";"";"";"";"";"";"";"";"";"";"";"Ember Forge";"";"Ignite";14;"";"Create one Ember";"";"";"";""
"Create Leather Armor";4;"Tailoring";"None";"";"";"";"";"";"Leather:<br>0.5m";"12h per m";"";"";"";"";"";"";"";"";"";"Create Leather Armor";0;"Simple Sewing Equipment";"";"Create a piece of armor with the defensive attributes corresponding to the defensive attributes of the creature the leather was from.<br><br>Base Deflection is based on the ?_leather_abilities?name=Tan Leather__<br>Base Padding is 0<br>Base Holy Resistance is 0<br>All other other base attributes are the creatures *natural* resistance values (e.g. you can not skin a fire mage to gain additional fire resistance)<br><br>Each resistance value of the final armor piece is equal to<br>2 * (Base Attribute) * (Quality in Percent)<br>";"FINd6 - 5*(Deflection of Leather)";"";"Armor, Monster Hunter, Resistance"
"Create Minor Fire Focus";3;"Enchanting";"None";"15k";"";"Recipe - Enchantment";"";"";"An object made from copper, 500g coal, 100g sulfur";"";"";"";"";"";"";"";"";"Ignite";"";"Ignite";1;"";"";"Minor Fire Focus (40 + 3d6) ?__items?name=minor fire focus_C_";"";"";""
"Create Rock";4;"Earth";"None";"2";"4";"Spell - Rock";"";"Gesture";"";"";"";"";"";"";"";"";"";"";"";"Create Rock";0;"";"Create a small Rock in the palm of your hands, the rock will disappear after 5 minutes";"";"";"";""
"Create Shrub";2;"Creation";"None";"2";"6";"Spell";"10m";"Gesture";"";"";"";"";"";"WIL";"";"";"";"Grow Plant";"";"Floral Empathy";8;"";"Create a simple shrub without any special characteristics. The shrub begins to wilt over time and will die and crumble after 10 minutes<br>(The shrub is valid target for spells that require a ?__plant__. Remember: You may choose naturally occurring plants as targets for your spells and are not required to summon them yourself)<br>";"";"";"";""
"Create Thicket";2;"Creation";"None";"8";"5";"Spell - Floral";"10m";"Gesture";"";"";"";"";"";"WIL";"";"";"";"Create Shrub";"";"Floral Empathy";9;"";"Choose a ?__plant__ within 10 meters of you. An area with a 3 meter radius around the plant becomes covered in a dense thicket that counts as ?__Rough Terrain__.<br>";"";"";"";""
"Create Water";2;"Water";"None";"5";"6";"Spell - Water";"5m";"Gesture";"";"";"";"";"";"";"";"";"";"";"";"Create Water";0;"";"Creates up to 1 liter of water that disapears again after 1 minute";"";"";"";""
"Cross Parry";3;"Sword1H";"None";"";"";"Parry";"";"Two Swords";"";"";"";"";"";"Parry + 2";"";"";"";"";"";"Cross Parry";0;"";"";"";"";"";"multicombat, Parry, two handed"
"Crush the Meek";3;"Corruption";"None";"";"";"Upgrade";"";"";"";"";"";"";"Reap Entrails";"";"";"";"";"";"";"Crush the Meek";0;"";"Attacks with Reap Entrails have Advantage against targets with a lower maximum health than you";"";"";"";""
"Danse du Papillon";4;"rapier";"None";"";"";"Passive";"";"";"";"";"";"";"";"";"";"";"";"ยง[Weapon]ยง(Rapier) Parry";"";"[Weapon] Parry";1;"";"Whenever you Dodge a Character%SQ%s Attack or Parry it with a rapier you have Advantage on your next Parry or Attack with a rapier against that Character as long as you didn%SQ%t perform any other Actions in between";"";"";"";""
"Dash";3;"Air";"None";"3";"3";"Spell";"";"";"";"";"";"";"";"INT";"";"";"";"Like the Wind";"";"Like the Wind";5;"";"Move up to 1d6 meters horizontally (?__True Movement__)<br><br>Makes a loud swooshing sound";"";"";"";""
"Deafening Touch";3;"Divine";"None";"8";"12";"Spell - Damnation";"Touch";"Gesture";"";"";"";"";"";"DEV";"";"";"";"";"";"Deafening Touch";0;"";"The target becomes ?__rules?name=deaf__ for 2 turns";"";"";"";""
"Death Seeker";4;"Corruption";"None";"+10";"";"Upgrade";"x2";"";"";"";"";"";"Whirling Death";"+4";"";"+4";"";"";"";"Death Seeker";0;"";"";"";"";"";""
"Detect Lies";1;"Communication";"Default";"";"";"Passive";"";"";"";"";"";"";"";"";"";"";"";"";"";"Detect Lies";0;"";"Increases INT by 1 while trying to detect a lie or call a bluff";"";"";"";""
"Detect [Alchemical Substance]";1;"Alchemy";"None";"";"";"Upgrade";"";"";"";"";"";"";"";"";"";"";"";"";"";"Detect [Alchemical Substance]";0;"";"You always know if the chosen Substance is one of the primary ingredients";"";"";"";""
"Detect [Alchemical Substance]";1;"Alchemy";"None";"";"";"Upgrade";"";"";"";"";"";"";"Identify Ingredients";"";"";"";"";"";"";"Detect [Alchemical Substance]";0;"";"You always know if the chosen Substance is one of the primary ingredients";"";"";"";""
"Disarm Trap";1;"Sabotage";"Inc";"";"";"Passiv";"";"";"";"";"";"";"";"";"";"";"";"";"";"Disarm Trap";0;"";"Increases DEX and INT by 1 per Level when disarming traps";"";"";"";""
"Discombobulate";3;"Air";"None";"10";"14";"Spell - Wind";"10m";"Gesture";"";"";"";"";"";"INT";"";"";"";"Gust";"";"Like the Wind";17;"";"All Characters within a 3m Radius must pass a CON Test or drop all objects (including weapons) they are holding in their hands (or other apandages)";"";"";"";""
"Discover Spirit Animal";2;"Creation";"None";"";"";"Ritual";"";"";"";"1 day";"";"";"";"";"Animalistic Instinct, ";"";"";"Animalistic Instinct";"";"Animalistic Instinct";5;"";"Meditate for 24 hours, afterwards you may choose your Spirit Animal<br>You may only have one Spirit Animal<br>";"";"";"";""
"Down Draft";2;"Air";"None";"10";"Channel X";"Spell - Wind";"10m";"Gesture";"";"";"";"";"";"INT";"";"";"";"Gust";"";"Like the Wind";18;"";"Reduces the MPA of all Characters in an area with a 3m Radius by 2<br>All ?__flying__ Characters in the Area must pass a CON Test when they move into the area or at the start of the channel if they are already inside or ?_fall to the ground_on the ground__<br>Characters inside the area that try to stand up must pass a CON Test with disadvantage to do so (thy still pay the AP cost if they fail)";"";"";"";""
"Draft Jump";3;"Air";"Exp";"";"";"Passive";"";"";"";"";"";"";"";"";"Dash, ";"";"";"Dash";"";"Like the Wind";6;"";"Increases STR by 3 per Level when jumping";"";"";"";""
"Dual [Weapon] Wielding";3;"1H";"Inc";"";"";"Passive";"";"";"";"";"";"";"";"";"";"";"";"";"";"Dual [Weapon] Wielding";0;"";"Reduces the penalty inflicted by using a [Weapon] in the other hand by 1";"";"";"";"multicombat, Parry, two handed"
"Effigy Wrath";3;"Divine";"None";"8";"14";"Spell";"10m";"";"";"";"";"";"";"WIL";"";"";"";"Summon Effigy, Smite";"";"Summon Effigy";1;"";"All Effigies within 2m of the target deal 1d6 Holy Damage each to the target";"";"";"";""
"Electrosensitivity";3;"Fire";"None";"";"";"Passive - ?_Sense_rules?name=Sense_Popup_";"";"";"";"";"";"";"";"";"";"";"";"";"";"Electrosensitivity";0;"";"You can sense lifeforms and Lightning.<br>Works through walls and other obstacles.<br>You can only sense if there is a life form, not what kind of life form it is or where exactly it is located.<br>High ?_Charge_Voltaic__ values (4+) and nearby Lightning Spells occlude your ability to sense lifeforms.";"";"";"";""
"Ember Forge";3;"Fire";"None";"";"";"Passive";"";"";"";"";"";"";"";"";"";"";"";"Nova";"";"Ignite";13;"";"Whenever you cast a Fire Spell, that isn%SQ%t a Cantrip, you create an Ember. Embers are small flames circling around you.<br>You may have up to 3 Embers at a time.<br>You may spend any amount of Embers to reduce the Mana Cost of a spell by 2 per Ember, if you do that spell will not Generate any Embers on its own.";"";"";"";""
"Ensnaring Vines";3;"Creation";"None";"5";"10";"Spell - Floral";"";"Gesture";"";"";"";"";"";"WIL";"";"";"";"Grow Plant";"";"Floral Empathy";11;"";"Choose a ?__plant__ within 10 meters of you. All Characters within a 3 meter radius around the plant must Dodge or be ?__ensnared__ for 2 turns.";"";"";"";""
"Ensorceler";1;"Enchanting";"Default";"";"";"Passive";"";"";"";"";"";"";"";"";"";"";"";"";"";"Ensorceler";0;"";"You may re-roll up to 1d6 per Enchantment Recipe you perform";"";"";"";""
"Ethereal Shockwave";3;"Divine";"None";"6";"10";"Spell";"";"Incantation";"";"";"";"";"";"DEV";"";"";"";"Smite";"";"Smite";3;"";"Deals 1d6 Holy Damage to all ?__Ethereal__ Characters within 3m around you and makes them visible to the naked eye for 1 Turn";"";"";"";""
"Expertise Feint";1;"ProwessMelee";"Inc";"";"";"Upgrade";"";"";"";"";"";"";"Feint";"";"";"";"";"Feint";"";"Feint";1;"";"Decreases Hit Chance Penalty by 1";"";"";"";""
"Expertise Overhead Swing";1;"ProwessMelee";"Inc";"";"";"Upgrade";"";"";"";"";"";"Expertise";"Overhead Swing";"";"Overhead Swing, ";"";"";" Overhead Swing";"";"Overhead Swing";1;"";"Decreases Hit Chance Penalty by 2";"";"";"";""
"Expertise Running Assault";5;"ProwessMelee";"None";"";"";"Upgrade";"";"";"";"";"";"";"Running Assault";"";"";"";"";"Running Assault";"";"Running Assault";1;"";"Decreases Hit Chance Penalty by 50%";"";"";"";""
"Extract Healing Dew";3;"Creation";"None";"1000";"";"Ritual";"";"";"";"";"";"";"";"";"";"";"";"Yield Harvest";"";"Floral Empathy";16;"";"Extract 100ml of Healing Dew from a plant, even if it could not produce it by itself<br>?__items?name=Healing Dew_Container_";"";"";"";""
"Extract Poison";3;"Creation";"None";"1000";"";"Ritual";"";"";"";"";"";"";"";"";"";"";"";"Yield Harvest";"";"Floral Empathy";17;"";"Extract 100ml of Rotting Poison from a plant, even if it could not produce it by itself<br>?__items?name=Rotting Poison_Container_";"";"";"";""
"Extract Tincture";2;"Alchemy";"None";"";"";"Recipe";"";"";"Any single type of matter, 50ml of water per dose";"10min per dose";"";"";"";"";"";"";"";"";"";"Extract Tincture";0;"Good Alchemy Equipment";"";"Transfers a percentage of Active ingredients equal to the Quality from the base matter to the water. The rest of the matter becomes unusable for alchemical use.<br>You can not transfer more than 1 dose per 50ml water, all doses left over are lost.<br>If you transfer less doses they will be diluted by the water<br>";"20 + 4d6 (+10 with distilled water)";"%DQ%II. Extract to improve handling%DQ%<br>    -Alchemy for Beginners page 10";""
"Faster than a Speeding Arrow";3;"Sword1H";"None";"";"4";"Parry";"";"";"";"";"";"";"";"Parry -3";"";"";"";"ยง[Weapon]ยง(Sword) Parry (VII)";"";"[Weapon] Parry";2;"";"Allows you to Parry any physical ?__Projectile__.";"";"";"";""
"Feather Falling";2;"Air";"Exp";"";"";"Passive";"";"";"";"";"";"";"";"";"Dash, ";"";"";"Dash";"";"Like the Wind";11;"";"While conscious reduce the amount of meters fallen by 1 per Level before calculating ?__falling damage__";"";"";"";""
"Feint";0;"1H2H";"None";"";"+2";"Maneuver";"";"Any Melee";"";"";"";"";"";"-3";"";"";"";"";"";"Feint";0;"";"Target has Disadvantage on Parry and Dodge";"";"";"";""
"Fetters of Faith";3;"Divine";"None";"10";"";"Spell - Damnation";"5m";"Incantation";"";"";"";"";"";"DEV/WIL";"";"";"";"Smite";"";"Smite";6;"";"If you succeed the target becomes ?_ensnared_rules?name=ensnared_Popup_ for 2 Turns, if you win the contest the target becomes ?_bound_rules?name=bound_Popup_ instead";"";"";"";""
"Fire Lance";3;"Fire";"None";"5";"6";"Spell - Fire, Projectile";"2m";"Gesture";"";"";"";"";"";"INT - 2";"";"";"";"Flame Slash";"";"Ignite";8;"";"Fires a thin torrent of fire from your fist. Deals 1d6 + 6 Fire Damage to the target";"";"";"";""
"Fireball";2;"Fire";"None";"5";"12";"Spell - Fire, Projectile";"15m";"Gesture";"";"";"";"";"";"INT";"";"";"";"Ignite";"";"Ignite";2;"";"Deals 1d6 + 2 Fire Damage to the target";"";"";"";""
"Fireball Range";1;"Fire";"Default";"";"";"Upgrade";"+5m per Level";"";"";"";"";"Range";"Fireball";"";"";"";"";"Fireball";"";"Fireball Range";0;"";"";"";"";"";""
"Flame Slash";3;"Fire";"None";"5";"";"Spell, Melee Attack - Fire";"Touch";"Gesture";"";"";"";"";"";"Maximum of Boxing and INT";"";"";"";"Flaming Fist";"";"Ignite";7;"";"Deals 1d6 + 3 Fire Damage <i>(Can be dodged)</i>";"";"";"";""
"Flaming Blade";2;"Enchanting";"None";"20k";"";"Recipe - Enchantment, Fire";"";"";"Any Bladed Weapon, Essence of a Fire Elemental";"";"";"";"";"";"";"";"";"Ignite";"";"Ignite";5;"";"";"Flaming Blade (10 + 1d6) ?__items?name:flaming blade_Container_";"";"";""
"Flaming Fist";2;"Fire";"None";"+2";"+2";"Maneuver - Fire";"";"Boxing";"";"";"";"";"";"";"";"";"";"Ignite";"";"Ignite";6;"";"Deals an additional 2 Fire Damage";"";"";"";""
"Flash";2;"Eldritch";"None";"5";"6";"Spell - Illusion";"10m";"";"";"";"";"";"";"CHA";"";"";"";"Shimmer";"";"Shimmer";1;"";"Creates a bright flash of light at the chosen location. <br>Blinds every Character looking at light and is closer to it then their Perception(Sight) in meters for 1 Turn.";"";"";"ahaaa-a~~";""
"Flat Projection";3;"Eldritch";"None";"~2 per square meter";"10";"Spell - Enchantment, Illusion, Projection";"";"Gesture";"";"";"";"";"";"CHA";"";"";"";"Shimmer";"";"Shimmer";2;"";"Create a two dimensional image either on a surface or in mid air.<br>The image looks convincing to any onlooker and is almost indistinguishable from the real object from a distance (about 1 meter per Perception(Sight)), up close however it becomes obvious that it is a two dimensional image and has no depth to it.<br>The image is always on a fixed plane, you choose how this plane is oriented.<br>The image is invisible if viewed from a 90 degree angle.<br>The backside of the illusion shows the same image as the front but backwards<br>";"";"";"";""
"Fleet Footwork";2;"Air";"None";"";"";"Upgrade";"";"";"";"";"";"";"Shadow Step";"";"Shadow Step, ";"";"";"Shadow Step";"";"Like the Wind";9;"";"Increases your MPA by 2";"";"";"";""
"Fling Rock";3;"Earth";"None";"8";"10";"Spell - Rock";"10m";"Gesture";"";"";"";"";"";"WIL";"";"";"";"";"";"Fling Rock";0;"";"Launch a rock you are holding. The rock deals 1d6 + 2 Blunt damage on impact";"";"";"";""
"Floral Empathy";1;"Creation";"None";"";"";"Passive - ?__Sense__";"";"";"";"";"";"";"";"";"";"";"";"";"";"Floral Empathy";0;"";"Allows you to sense when a plant near you is in pain, needs water or is in any other kind of distress<br>When you meditate plants around you seem to be more alive and a flowery scent surrounds you";"";"";"";""
"Fools Gold";2;"Eldritch";"None";"";"";"Cantrip - Illusion";"";"";"";"";"";"";"";"";"";"";"";"";"";"Fools Gold";0;"";"Produces a golden coin from your hand that lasts for one minute. The coin seems semi-valuable for anybody looking at it but does not represent a specific monetary value or currency.";"";"";"";""
"Form of the [Animal]";3;"Creation";"None";"The larger mass between you and the animal divided by the smaller one rounded up";"";"Ritual - Polymorph";"";"";"";"";"";"";"";"";"Discover Spirit Animal, ";"";"";"[Discover Spirit Animal]Discover Spirit Animal (Does not have to be the same animal)";"";"Animalistic Instinct";6;"";"Transform into the chosen Animal animal. Cast again to transform back into your original form.<br>You gain all Physical Attributes of the Animal and keep your Mental Attributes. You can not cast spells except Form of the [Animal] while you are transformed<br><br>";"";"";"";""
"Freeze";2;"Water";"None";"2 per liter";"4";"Spell - Ice, Cantrip";"Touch";"Gesture";"";"";"";"";"";"";"";"";"";"";"";"Freeze";0;"";"Freezes liquid water instantly.<br>Can not be used on water inside of living beings";"";"";"";""
"Frenzied Strike";3;"Corruption";"None";"+3";"-2, -3 if you are affected by Blood Boil";"Maneuver";"";"Any Melee";"";"";"";"";"";"";"";"";"";"Blood Boil";"";"Bloodscent";3;"";"";"";"";"";""
"Frenzy Beast";2;"Creation";"None";"6";"12";"Spell";"5 meters";"Incantation";"";"";"";"";"";"WIL";"";"";"";"Animalistic Instinct";"";"Animalistic Instinct";9;"";"Causes an animal to become enraged for 3 Turns<br>";"";"";"";""
"Frostbite";2;"Water";"None";"+3";"";"Augment - Ice";"";"";"";"";"";"";"";"";"";"";"";"Freeze";"";"Freeze";1;"";"Applies Frostbite to all targets hit for 1 Turn, reducing their MPA by 2.<br>When Frostbite is applied to a Character that already has Frostbite the effects stack and the duration of the old one is refreshed.<br>";"";"";"";""
"Gaian Arbiter";1;"Creation";"None";"";"";"Passive - ?__Language__";"";"";"";"";"";"";"";"";"";"";"";"";"";"Gaian Arbiter";0;"";"You can communicate with ?_Elementals_Elemental__ even if they are wild or summoned by someone else";"";"";"";""
"Gibberish";4;"Eldritch";"None";"~5";"10";"Spell - Enchantment, Illusion";"Touch";"Gesture";"";"";"";"";"";"CHA";"";"";"";"Change Voice";"";"Strange Sounds";4;"";"Makes the target%SQ%s speech unintelligible<br>May be dismissed at any time by you but only after lasting for at least 5 minutes.<br>This effect is removed if the voice of the Character is changed by any other source.";"";"";"";""
"Gift of Bark";2;"Creation";"None";"3";"Channel 10";"Spell - Buff";"";"Gesture";"";"3 Turns";"";"";"";"EMP";"";"";"";"Aid of Flowers";"";"Floral Empathy";5;"";"Covers the target in bark increasing the targets Piercing Resistance by 10.<br>Canceled if target takes fire damage.<br>Does not stack<br>";"";"";"";""
"Gift of Foliage";2;"Creation";"None";"3";"Channel 10";"Spell - Buff";"";"Gesture";"";"10 minutes";"";"";"";"EMP";"";"";"";"Aid of Flowers";"";"Floral Empathy";6;"";"The target has advantage on when trying to hide while surrounded by plants";"";"";"";""
"Glimps of Mind";3;"Eldritch";"None";"";"";"Passive";"";"";"";"1 Turn";"";"";"";"";"";"";"";"Telepathy";"";"Mind Blast";6;"";"Whenever you damage a Character with a Psyonic spell you have Advantage for Blocking, Dodging or Parrying them once.<br>This effect ends if the other Character performs an attack against somebody else or after 1 Turn";"";"";"";""
"Go for the Throat";3;"Corruption";"None";"4";"";"Maneuver";"";"Bite";"";"";"";"";"";"";"";"";"";"Reap Entrails";"";"Bloodscent";7;"";"Deals an additional 1d6 + 1 Piercing Damage<br>Mana Cost is refunded if the target is killed";"";"";"";""
"Good Eye Sight";1;"Perk";"None";"";"";"Perk";"";"";"";"";"";"";"";"";"";"";"";"";"";"Good Eye Sight";0;"";"+2 PER(Sight)";"";"";"";""
"Goresplosion";5;"Corruption";"None";"4";"";"Maneuver";"";"Any Melee";"";"";"";"";"";"";"";"";"";"Reap Entrails";"";"Bloodscent";8;"";"If this Attack kills the target the victim dies in a violent explosion of flesh and blood.<br>If the target dies this way all enemy Characters with line of sight towards you must pass a COU Test with disadvantage or be ?_afraid_rules?name=Fear_Popup_ of you.";"";"";"Rest in Pieces";""
"Grapeshot";3;"Fire";"None";"6";"12";"Spell - Fire, Projectile Cluster";"10m";"Gesture";"";"";"";"";"";"INT";"";"";"";"Fireball";"";"Ignite";3;"";"Deals 1d6 + 4 Fire Damage by launching a cluster of small fireballs that deal 1 Damage each.<br>You may spend any number of ?_Embers_abilities?name=Ember Forge_popup_ to increase the number of fireballs by the same amount, if you do Grapeshot will not generate any Embers.";"";"";"";""
"Grapeshot Amount";1;"Fire";"Exp";"";"";"Upgrade";"";"";"";"";"";"Amount";"Grapeshot";"";"Grapeshot, ";"";"";"Grapeshot";"";"Grapeshot Amount";0;"";"Adds 1 fireball per Level";"";"";"";""
"Grapeshot Fan Out";4;"Fire";"None";"";"";"Upgrade";"";"";"";"";"";"Fan Out";"Grapeshot";"";"Grapeshot, ";"";"";"Grapeshot";"";"Grapeshot Fan Out";0;"";"Allows you to select a target for every single fireball instead of launching them all at one target<br>Select all targets before rolling for damage.";"";"";"";""
"Grapeshot Range";1;"Fire";"Default";"";"";"Upgrade";"+5 per Level";"";"";"";"";"Range";"Grapeshot";"";"Grapeshot, ";"";"";"Grapeshot";"";"Grapeshot Range";0;"";"";"";"";"";""
"Grapple";0;"Earth";"None";"";"";"Melee Attack";"";"";"";"";"";"";"";"Melee";"";"";"You have more than 0 Stamina";"";"";"Grapple";0;"";"The target becomes grappled";"";"";"";""
"Grow Plant";3;"Creation";"None";"2k per hour";"";"Ritual";"";"";"";"";"";"";"";"";"Floral Empathy, ";"";"";"Floral Empathy";"";"Floral Empathy";7;"";"Causes a plant to grow a 100 times faster<br>";"";"";"";""
"Gust";2;"Air";"None";"5";"5";"Spell";"";"Gesture";"";"";"";"";"";"INT + 3";"";"";"";"Like the Wind";"";"Like the Wind";14;"";"Blow a strong gust of wind from you palm.<br>Can blow away light objects";"";"";"";""
"Hail of Punches";4;"unarmed";"";"";"";"Passive";"";"";"";"";"";"";"";"";"";"";"";"";"";"Hail of Punches";0;"";"Whenever you successfully hit a target with a punch the cost of further punch Attacks performed by you against the same target is reduced by 1 AP up to a Maximum of 4 AP.<br>This effect resets completely if you fail to successfully hit the target or perform any action other than punching";"";"";"I learned this from a guy with a straw hat";""
"Hail of Punches";4;"unarmed";"None";"";"";"Passive";"";"";"";"";"";"";"a";"";"";"";"";"";"";"Hail of Punches";0;"";"Whenever you successfully hit a target with a punch the cost of further punch Attacks performed by you against the same target is reduced by 1 AP up to a Maximum of 4 AP.<br>This effect resets completely if you fail to successfully hit the target or perform any action other than punching";"";"";"I learned this from a guy with a straw hat";""
"Healer";1;"Medicine";"Default";"";"";"Passive";"";"";"";"";"";"";"";"";"";"";"";"";"";"Healer";0;"";"Increases the quality of all injuries you treat by 1d6 per Level";"";"";"";"Healing"
"Healing Salvo";3;"Divine";"None";"";"12";"Spell - Salvation";"5m";"Gesture, Incantation";"";"";"";"";"";"DEV";"";"";"";"Healing Touch";"";"Healing Touch";3;"";"Restores 1d3 Health to any number of Characters within 5 meters";"";"";"";"Healing"
"Healing Touch";3;"Divine";"None";"5";"6";"Spell - Salvation";"Touch";"Gesture, Incantation";"";"";"";"";"";"DEV";"";"";"";"";"";"Healing Touch";0;"";"Restores 1d3 Health";"";"";"";"Healing"
"Horrible Odor";2;"Creation";"None";"3";"10";"Spell - Floral";"";"Gesture";"";"";"";"";"";"EMP";"";"";"";"Grow Plant";"";"Floral Empathy";14;"";"Choose a ?__plant__ within 10 meters of you. All Characters within a 5 meter radius around the plant must pass a CON Test or be distracted for 3 turns.";"";"";"";""
"Horrifying Roar";3;"Corruption";"None";"6";"";"Spell";"";"";"";"";"";"";"";"STR";"";"";"";"Blood Boil";"";"Bloodscent";4;"";"All enemy Characters within 5 meters that can hear you must pass a COU Test or be ?_afraid_Fear__ of you for 3 Turns<br>If you are affected by Blood Boil they have disadvantage on the Test";"";"";"";""
"Ice Blast";3;"Water";"None";"6";"12";"Spell - Ice";"";"Gesture";"";"";"";"";"";"INT";"";"";"";"Ice Shard, Water Blast";"";"Freeze";4;"";"Deals 1d + 2 Frost Damage";"";"";"";""
"Ice Shard";3;"Water";"None";"6";"10";"Spell - Projectile, Ice";"";"Gesture";"";"";"";"";"";"INT";"";"5";"";"Freeze, Create Water";"";"Freeze";3;"";"Deals 1d6 + 2 Piercing Damage";"";"";"";""
"Identify Ingredients";2;"Alchemy";"None";"";"";"Recipe";"";"";"Any Matter (one type)";"10min";"";"";"";"";"";"";"";"";"";"Identify Ingredients";0;"Poor Alchemy Equipment";"";"You obtain information from the DM about the Active Ingredients in the Matter depending on the Quality:<br><br>< 10   : Wrong Primary Ingredient<br>10 - 19: No Information<br>20 - 49: Primary Ingredient<br>50 - 89: All ingredients except least<br>90+    : All Ingredients";"INTd6 (Hidden Roll)";"%DQ%I. Analyse to further understanding%DQ%<br>    -Alchemy for Beginners page 3";""
"Ignite";4;"Fire";"None";"1";"2";"Spell - Fire, Cantrip";"Touch";"Gesture";"";"";"";"";"";"";"";"";"";"";"";"Ignite";0;"";"Ignites any flammable object you can touch. (Can not ignite objects that could not be ignited with a single match)";"";"";"";""
"Ignition Control";2;"Fire";"";"5";"";"Upgrade";"";"";"";"";"";"";"Incendiary Launch";"";"Incendiary Launch, ";"";"";" Incendiary Launch";"";"Ignite";17;"";"You may adjust your launch distance by up to 2m up or down";"";"";"";""
"Incantation Proficency";5;"ProwessMagic";"Inc";"";"";"Passive";"";"";"";"";"";"";"";"";"";"";"";"";"";"Incantation Proficency";0;"";"Increases the Hit Chance of Channeled spells by 1 per level";"";"";"";""
"Incendiary Launch";4;"Fire";"None";"5";"Channel 10";"Spell - Fire";"";"";"";"";"";"";"";"";"";"";"";"Spew Fire";"";"Ignite";16;"";"After the Channel is complete you may pay 4 AP to launch yourself 1d6 + 2 meters  in a straight line in any direction, including upwards or downwards<br>Launching yourself deals 1D6 Fire Damage to every Character within the half sphere behind you (circle around you if you are going up or down) with a radius of 1m.<i>(Notes: the distance is not %93up to%94, you must move the entire distance if in any way possible, even if that includes smashing into a wall. The speed of your movement depends on the die roll: Result/4 AP)</i>";"";"";"";""
"Increase charge";2;"Fire";"None";"";"10";"Spell - Lightning, Cantrip";"";"";"";"";"";"";"";"";"";"";"";"Shock";"";"Electrosensitivity";2;"";"Increase Charge by 1D3<br>";"";"";"";""
"Induction";2;"Fire";"None";"";"";"Spell";"Touch";"Gesture";"";"";"";"";"";"INT";"";"";"";"Shock";"";"Electrosensitivity";3;"";"Heat a small (coin, arrow head) or medium (sword, armor, kettle) sized piece of metal to the point of glowing red.<br>Deals 1d3 (small) or 3 + 1d3 (medium) Fire Damage to every Character besides you that is touching the object.<br>If the object is held by a Character they must pass a CON Test or drop the object.";"";"";"The future of kitchen appliances, and warfare.";""
"Inner Heat";3;"Fire";"None";"";"";"Passive";"";"";"";"";"";"";"";"";"";"";"";"Ignite";"";"Ignite";10;"";"Reduces Cold Threshold by 5";"";"";"";""
"Invent Contraption";2;"Engineering";"None";"";"";"Recipe";"";"";"";"At least 2 hours. May be separated into multiple sessions, each session has a minimum length of 30 minutes";"";"";"";"";"";"";"";"";"";"Invent Contraption";0;"";"";"Blueprint";"INGd6 + 10 per hour spent";"";""
"Inversive Winds";3;"Air";"None";"+4";"";"Upgrade";"";"";"";"";"";"";"Down Draft";"";"Down Draft, ";"";"";"Down Draft";"";"Inversive Winds";0;"";"All Characters (not just flying ones) inside the Area must pass a CON Test or ?_fall to the ground_on the ground__ as soon as the Channel starts";"";"";"";""
"Jump Proficiency";1;"Acrobatics";"Default";"";"";"Passive";"";"";"";"";"";"";"";"";"";"";"";"";"";"Jump Proficiency";0;"";"Increases STR by 1 per Level while jumping";"";"";"";""
"Kakofonia";2;"Music";"Default";"";"Channel X";"Action";"";"";"";"";"";"";"";"";"";"";"";"";"";"Kakofonia";0;"";"All Characters able to hear you are distracted<br>";"";"";"";""
"Kick";0;"unarmed";"";"";"8";"Attack";"";"";"";"";"";"";"";"Melee Hit Chance";"";"";"";"";"";"Kick";0;"";"Deal 1D6 + (STR / 2) - 4 Blunt Damage";"";"";"";""
"Knockback";1;"Air";"Exp";"";"";"Upgrade";"";"";"";"";"";"";"Air Blast";"";"Air Blast, ";"";"";"Air Blast";"";"Knockback";0;"";"Increases knock back distance by 1m";"";"";"";""
"Lashing Vines";3;"Creation";"None";"5";"10";"Spell - Floral";"";"Gesture";"";"";"";"";"";"WIL";"";"";"";"Ensnaring Vines";"";"Floral Empathy";12;"";"Choose a ?__plant__ within 10 meters of you. All Characters within a 1 meter radiusof the plant take 1D6 Piercing Damage.<br>";"";"";"";""
"Lasting Melody";2;"Music";"Exp";"+4 per Level";"";"Augment - Song";"";"";"";"";"";"";"";"";"Song of Dreams, ";"";"";"Song of Dreams";"";"Mind Blast";8;"";"The effect of the song persists for up to one Turn per Level after the song has ended";"";"";"";""
"Leaping Dash";3;"Air";"None";"";"";"Upgrade";"";"";"";"";"";"";"Dash";"";"Dash, ";"";"";"Dash";"";"Like the Wind";12;"";"You may dash in mid air and try to clear gaps (you can still only move horizontally)";"";"";"";""
"Leg Sweep";0;"ProwessMelee";"None";"";"+4 unless you are lying on the ground";"Maneuver";"";"Kicking or Any Melee Weapon except Dagger";"";"";"";"";"";"";"";"";"";"";"";"Leg Sweep";0;"";"Decreases Damage by 2.<br>Increases Force by 2<br>The target must pass a CON Test with Advantage or fall to the ground.<br>If you are Kicking the target does not have advantage.<br>If you are using a Staff or Pike the target has disadvantage<br>If you are using a Pike the damage becomes 1D6 Blunt Damage, ignore the usual Damage penalty.";"";"";"";""
"Lightning Bolt";3;"Fire";"None";"10";"12";"Spell - Lightning";"15m";"Gesture";"";"";"";"";"";"INT, ?__Voltaic__";"";"";"";"Shock";"";"Electrosensitivity";4;"";"Deals 0 + 2D6 Fire Damage to the target.<br>Increases ?_Charge_rules?name=Voltaic_popup_ by 1.<br>";"";"";"";""
"Like the Wind";3;"Air";"None";"~4";"4";"Spell - Wind, Buff";"";"";"";"";"";"";"";"";"";"";"";"";"";"Like the Wind";0;"";"Increases MPA by 2 while surrounded by air (not under water etc.)";"";"";"";""
"Lockpicking";1;"Sabotage";"Inc";"";"";"Passiv";"";"";"";"";"";"";"";"";"";"";"";"";"";"Lockpicking";0;"";"Increases DEX and INT by 1 per Level when picking a lock";"";"";"";""
"Magofilia";1;"Creation";"Inc";"";"";"Upgrade";"";"";"";"";"";"";"Create Shrub";"";"Create Shrub, ";"";"";"Create Shrub";"";"Magofilia";0;"";"The Hit Chance of all spells targeting the shrub is increased by 1 per Level (This includes Floral spells with the shrub as their center but also all other spells no matter who cast them)<br>";"";"";"";""
"Make Fire";1;"Survival";"None";"";"";"Recipe";"";"";"Firewood<br>Two sticks<br>Bow (Optional)";"(100 - Q)*30s";"";"";"";"";"";"";"";"";"";"Make Fire";0;"";"";"A small flame is created";"20 + 5d6, +30 with bow";"";""
"Man of the People";2;"Communication";"";"";"";"Passive";"";"";"";"";"";"";"";"";"";"";"";"";"";"Man of the People";0;"";"While persuading a group of people your Persuasion rolls are increased.<br>5 or more people: +3 to CHA. <br>20 or more people: +4 to CHA<br>";"";"";"";""
"Mana Drain";3;"Air";"None";"";"12";"Spell - Aether";"5m";"Gesture";"";"";"";"";"";"INT";"";"";"";"Aether Storm";"";"Like the Wind";4;"";"The target loses up to 1d6 Mana, then you gain the same amount of mana the target lost";"";"";"";""
"Mana Reserves";5;"ProwessMagic";"Inc";"";"";"Passive";"";"";"";"";"";"";"";"";"";"";"";"";"";"Mana Reserves";0;"";"Increases your Maximum Mana by 2 per Level";"";"";"";""
"Manifest Birds Eye";2;"Creation";"None";"+4";"+2";"Maneuver - Manifest, Polymorph";"";"Ranged";"";"";"";"";"";"";"Animalistic Instinct, ";"";"";"Animalistic Instinct";"";"Animalistic Instinct";10;"";"Advantage on Hit Chance";"";"";"";""
"Manifest Claw";2;"Creation";"None";"+4";"+2";"Maneuver - Manifest, Polymorph";"";"Boxing";"";"";"";"";"";"";"Animalistic Instinct, ";"";"";"Animalistic Instinct";"";"Animalistic Instinct";11;"";"Deals an additional 1d6 Piercing Damage";"";"";"";""
"Manifest Fangs";2;"Creation";"None";"+4";"+2";"Maneuver - Manifest, Polymorph";"";"Biting";"";"";"";"";"";"";"Animalistic Instinct, ";"";"";"Animalistic Instinct";"";"Animalistic Instinct";12;"";"Deals an additional 1d6 Piercing Damage";"";"";"";""
"Manifest Hoof";2;"Creation";"None";"+4";"+2";"Maneuver - Manifest, Polymorph";"";"Kicking";"";"";"";"";"";"";"Animalistic Instinct, ";"";"";"Animalistic Instinct";"";"Animalistic Instinct";13;"";"Deals an additional 1d6 Blunt Damage";"";"";"";""
"Masterfull [Ranged Weapon] Quick Aim";3;"Ranged";"None";"";"";"Upgrade";"";"";"";"";"";"";"Quick Aim";"";"Quick Aim, ";"";"";"Quick Aim";"";"Quick Aim";1;"";"Reduces Hit Chance Penalty by 2";"";"";"";""
"Mastery";1;"Air";"Inc";"";"";"Upgrade";"";"";"";"";"";"Mastery";"Air Blast";"";"";"";"";"Air Blast";"";"Grapple";1;"";"Increases Hit Chance by 1 per Level";"";"";"";""
"Mastery";1;"unarmed";"Inc";"";"";"Upgrade";"";"";"";"";"";"Mastery";"Bite";"";"";"";"";" Bite";"";"Grapple";1;"";"Increases Hit Chance by 1";"";"";"";""
"Mastery";1;"Corruption";"Inc";"";"";"Upgrade";"";"";"";"";"";"Mastery";"Blood Boil";"";"";"";"";"Blood Boil";"";"Grapple";1;"";"Increases Hit Chance by 1 per Level";"";"";"";""
"Mastery";1;"Creation";"Inc";"";"";"Upgrade";"";"";"";"";"";"Mastery";"Call Beast";"";"";"";"";"Call Beast";"";"Grapple";1;"";"Increases Hit Chance by 1 per Level";"";"";"";""
"Mastery";1;"Fire";"Inc";"";"";"Upgrade";"";"";"";"";"";"Mastery";"Chain Lightning";"";"";"";"";"Chain Lightning";"";"Grapple";1;"";"Increases Hit Chance by 1 per Level";"";"";"";""
"Mastery";1;"Air";"Inc";"";"";"Upgrade";"";"";"";"";"";"Mastery";"Down Draft";"";"";"";"";"Down Draft";"";"Grapple";1;"";"Increases Hit Chacne by 1 per Level";"";"";"";""
"Mastery";1;"Fire";"Inc";"";"";"Upgrade";"";"";"";"";"";"Mastery";"Fire Lance";"";"";"";"";" Fire Lance";"";"Grapple";1;"";"Increases Hit Chance by 1 per Level";"";"";"";""
"Mastery";1;"Fire";"Inc";"";"";"Upgrade";"";"";"";"";"";"";"Fireball";"";"";"";"";"Fireball";"";"Grapple";1;"";"Increases Hit Chance by 1 per Level";"";"";"";""
"Mastery";1;"Fire";"Inc";"";"";"Upgrade";"";"";"";"";"";"Mastery";"Flame Slash";"";"";"";"";" Flame Slash";"";"Grapple";1;"";"Increases Hit Chance by 1 per Level";"";"";"";""
"Mastery";1;"Fire";"Inc";"6";"12";"Upgrade";"";"";"";"";"";"Mastery";"Grapeshot";"";"";"";"";"Grapeshot";"";"Grapple";1;"";"Increases Hit Chance by 1 per Level";"";"";"";""
"Mastery";1;"unarmed";"Inc";"";"";"Upgrade";"";"";"";"";"";"";"Grapple";"";"";"";"";"";"";"Grapple";1;"";"Increases Hit Chance by 1";"";"";"";""
"Mastery";1;"Water";"Inc";"";"";"Upgrade";"";"";"";"";"";"Mastery";"Ice Blast";"";"";"";"";"Ice Blast";"";"Grapple";1;"";"Increases Hit Chance by 1 per Level";"";"";"";""
"Mastery";1;"Water";"Inc";"";"";"Upgrade";"";"";"";"";"";"Mastery";"Ice Shard";"";"";"";"";"Ice Shard";"";"Grapple";1;"";"Increases Hit Chance by 1 per Level";"";"";"";""
"Mastery";1;"Fire";"Inc";"";"";"Upgrade";"";"";"";"";"";"Mastery";"Incendiary Launch";"";"";"";"";"Incendiary Launch";"";"Grapple";1;"";"Increases Hit Chance by 1 per Level";"";"";"";""
"Mastery";1;"Fire";"Inc";"";"";"Upgrade";"";"";"";"";"";"Mastery";"Induction";"";"";"";"";"Induction";"";"Grapple";1;"";"Increases Hit Chance by 1 per Level";"";"";"";""
"Mastery";1;"unarmed";"inc";"";"";"Upgrade";"";"";"";"";"";"";"Kick";"";"";"";"";" Kick";"";"Grapple";1;"";"Increases Hit Chance by 1";"";"";"";""
"Mastery";1;"Fire";"Inc";"";"";"Upgrade";"";"";"";"";"";"Mastery";"Lightning Bolt";"";"";"";"";"Lightning Bolt";"";"Grapple";1;"";"Increases Hit Chance by 1 per Level";"";"";"";""
"Mastery";1;"Air";"Inc";"";"";"Upgrade";"";"";"";"";"";"Mastery";"Mana Drain";"";"";"";"";"Mana Drain";"";"Grapple";1;"";"Increases Hit Chance by 1 per Level";"";"";"";""
"Mastery";1;"Fire";"Inc";"";"";"Upgrade";"";"";"";"";"";"Mastery";"Nova";"";"";"";"";"Nova";"";"Grapple";1;"";"Increases Hit Chance by 1 per Level";"";"";"";""
"Mastery";1;"Fire";"Inc";"";"";"Upgrade";"";"";"";"";"";"Mastery";"Paralyze";"";"";"";"";"Paralyze";"";"Grapple";1;"";"Increases Hit Chance by 1 per Level";"";"";"";""
"Mastery";1;"Unarmed";"Inc";"";"";"Upgrade";"";"";"";"";"";"Mastery";"Punch";"";"";"";"";" Punch";"";"Grapple";1;"";"Increases Hit Chance by 1";"";"";"";""
"Mastery";1;"Fire";"Inc";"";"";"Upgrade";"";"";"";"";"";"Mastery";"Pyroclasm";"";"";"";"";"Pyroclasm";"";"Grapple";1;"";"Increases Hit Chance by 1 per Level";"";"";"";""
"Mastery";1;"Earth";"Inc";"";"";"Upgrade";"";"";"";"";"";"Mastery";"Sandblast";"";"";"";"";"Sandblast";"";"Grapple";1;"";"Increases Hit Chance by 1 per Level";"";"";"";""
"Mastery";1;"Earth";"Inc";"";"";"Upgrade";"";"";"";"";"";"Mastery";"Sandstorm";"";"";"";"";"Sandstorm";"";"Grapple";1;"";"Increases Hit Chance by 1 per Level";"";"";"";""
"Mastery";1;"Fire";"Inc";"";"";"Upgrade";"";"";"";"";"";"Mastery";"Shock";"";"";"";"";"Shock";"";"Grapple";1;"";"Increases Hit Chance by 1 per Level";"";"";"";""
"Mastery";1;"Fire";"Inc";"";"";"Upgrade";"";"";"";"";"";"Mastery";"Spew Fire";"";"";"";"";"Spew Fire";"";"Grapple";1;"";"Increases Hit Chance by 1 per Level";"";"";"";""
"Mastery";1;"Unarmed";"Exp";"";"";"Upgrade";"";"";"";"";"";"Mastery";"Unarmed Parry";"";"";"";"";" Unarmed Parry";"";"Grapple";1;"";"Increases Parry Chance by 1";"";"";"";""
"Mastery";1;"unarmed";"inc";"";"";"Upgrade";"";"";"";"";"";"Mastery";"Uppercut";"";"";"";"";" Uppercut";"";"Grapple";1;"";"Decreases Hit Chance penalty by 1 per level but not below 1";"";"";"";""
"Mastery";1;"Water";"Inc";"";"";"Upgrade";"";"";"";"";"";"Mastery";"Water Blast";"";"";"";"";"Water Blast";"";"Grapple";1;"";"Increases Hit Chance by 1 per Level";"";"";"";""
"Mauling Blow";3;"Corruption";"None";"+3";"";"Maneuver";"";"Any Melee";"";"";"";"";"";"";"";"+4";"";"Blood Boil";"";"Bloodscent";5;"";"";"";"";"";""
"Medicus";1;"Medicine";"Default";"";"";"Passive";"";"";"";"";"";"";"";"";"";"";"";"";"";"Medicus";0;"";"You may re-roll up to one d6 per level while treating injuries";"";"";"";"Healing"
"Melting Point";3;"Fire";"";"+4";"";"Upgrade";"";"";"";"";"";"";"Turn up the Heat";"";"Turn up the Heat, ";"";"";"Turn up the Heat";"";"Ignite";20;"";"Your next Fire spell also ignores up to 5*X Fires resistance (This can not reduce the Resistance of the target below 0)";"";"";"";""
"Mend";3;"Divine";"None";"1000";"";"Ritual - Salvation";"5m";"Gesture, Incantation";"250ml Holy water";"";"";"";"";"DEV";"";"";"";"Healing Touch";"";"Healing Touch";4;"";"";"Reduces the size of an injury by Q/50 + 1.<br>Can only be used once per injury.";"DEVd6";"";""
"Metallic Transmutation";4;"Alchemy";"None";"10k per Kg";"";"Recipe - Transmutation";"";"";"Any metal except quicksilver";"";"";"";"";"";"";"";"";"Basic Transmutation";"";"Basic Transmutation";1;"";"Transmutes a percentage of the metal equal to the quality in percent, the rest of the matter becomes quicksilver<br><br>It is impossible to create gold this way. <br>Any magic imbued into the metal dissipates once the procedure has begun.";"Any non-magical metal except gold";"";"";""
"Mimic Melody";4;"Eldritch";"None";"Duration of melody in minutes";"10";"Spell - Illusion";"15m";"";"";"";"";"";"";"CHA (Bonuses for playing the chosen Instrument apply)";"Mimic Sound, ";"";"";"Mimic Sound";"";"Strange Sounds";5;"";"Create any melody played by any instrument at the chosen location.<br>The sound may have any volume as longs as it is not loud enough to cause pain.<br><br>You may stop the melody at any time<br>You may only mimic 1 melody at a time";"";"";"";""
"Mimic Sound";3;"Eldritch";"None";"3";"6";"Spell - Illusion";"15m";"";"";"";"";"";"";"CHA";"Strange Sounds, ";"";"";"Strange Sounds";"";"Strange Sounds";1;"";"Create any sound you know at the chosen location.<br>The sound may have any volume as longs as it is not loud enough to cause pain.<br>If the sound is a voice it may convey emotion but is unintelligible.";"";"";"";""
"Mimic Voice";4;"Eldritch";"None";"10";"X";"Spell - Illusion";"15m";"";"";"";"";"";"";"CHA";"";"";"";"Mimic Sound";"";"Strange Sounds";6;"";"Mimic any voice you know<br>The voice may say as much as possible with X Action Points";"";"";"";""
"Mind Blast";2;"Eldritch";"None";"5";"6";"Spell - Psyonic";"10m";"";"";"";"";"";"";"INT";"";"";"";"";"";"Mind Blast";0;"";"Deals 1d6 Arcane Damage to the target";"";"";"";""
"Mind Control";6;"Eldritch";"None";"5 per Contest round";"5";"Spell - Psyonic";"Touch";"";"";"";"";"";"";"WIL/WIL Contest";"";"";"";"";"";"Mind Control";0;"";"If you win the contest the target will from now on obey any command you give to them (verbal or otherwise). While you control the target your WIL is reduced by the targets WIL.<br>When you are dealt damage or become ?__unconscious__ or ?__distracted__ the target may initiate another WIL/WIL contest over any distance to try and break free from you (note that your wil is reduced)";"";"";"";""
"Mirror Image";3;"Eldritch";"None";"~5";"10";"Spell - Illusion";"";"";"";"";"";"";"";"CHA";"Animated Projections, ";"";"";"Animated Projections";"";"Shimmer";6;"";"Creates a mirrored copy of yourself. The copy will always move as if a mirror was placed between the two of you.<br><br>Is automatically dismissed if you cross the %DQ%mirror%DQ% or distance between you and the copy exceeds 20 meters<br><br>The copy will clip through objects.";"";"";"";""
"Molded Projection";3;"Eldritch";"None";"~3 per square meter";"10";"Spell - Enchantment, Illusion, Projection";"";"";"";"";"";"";"";"CHA";"";"";"";"Flat Projection";"";"Shimmer";8;"";"Create a three dimensional image constructed out of any number of two dimensional polygons (may be infinitely detailed so far as to appear smooth but has no actual %SQ%depth%SQ% to it).<br>The image looks convincing to any onlooker and is almost indistinguishable from the real object.<br>The polygons are invisible if viewed from a 90 degree angle.<br>The backside of the polygons show the same image as the front but backwards<br>";"";"";"";""
"Moving Projections";4;"Eldritch";"None";"";"";"Upgrade";"";"";"";"";"";"";"Animated Projections";"";"Animated Projections, ";"";"";"Animated Projections";"";"Shimmer";7;"";"Allows you to move the entire area containing the projection while defining its movement loop<br>(The illusion will %SQ%snap%SQ% back to it%SQ%s origin at the end of the loop)";"";"";"";""
"Muffle";0;"Deception";"None";"";"5";"Maneuver";"";"Grapple";"";"";"";"";"";"-2 Contest Result";"";"";"";"";"";"Muffle";0;"";"Put your hand on the targets mouth to silence it.<br><br>During the grapple contest the target is silenced<br>You may choose to no longer silence the target removing the Contest Result penalty imposed by this Maneuver<br><br>If the grapple was successful the target remains silenced until the grapple ends or you choose to no longer muffle the target<br>Should the target initiate another contest while it is muffled the Contest Result penalty continues to apply";"";"";"Hush now!";"Silence, Hush, Mute, Gag, Muffle, Hand"
"Multi Handed Counter";5;"ProwessMelee";"Inc";"";"";"Passive";"";"";"";"";"";"";"";"";"";"";"";"";"";"Multi Handed Counter";0;"";"Increases Critical Parry Chance by 1 while wielding two or more Weapons<br>If you perform a ?__Counter Attack__ due to this ability it must be with a weapon you didn%SQ%t use to Parry<br><br>(Critical Parry Chance can not exceed Parry Chance)";"";"";"";""
"Multi Jump";3;"Air";"Exp";"";"";"Passive";"";"";"";"";"";"";"";"";"Draft Jump, ";"";"";"[Draft Jump] Draft Jump II";"";"Like the Wind";7;"";"You may jump once per Level while you are in mid air, resets when you touch solid ground.<br>Jumping in mid air work as if you hit a platform and jumped off of it for all purposes, this means mid air jumping does not negate fall damage";"";"";"";""
"Musically Gifted";2;"Perk";"None";"";"";"Perk";"";"";"";"";"";"";"";"";"";"";"";"";"";"Musically Gifted";0;"";"+2 CHA when playing any instrument or singing";"";"";"";""
"Necryosis";2;"Water";"None";"";"";"Upgrade";"";"";"";"";"";"";"Frostbite";"";"Frostbite, ";"";"";"Frostbite";"";"Freeze";2;"";"Whenever you apply Frostbite to a Character they take Frost Damage equal to the number of Frostbite stacks they have (including the new one)";"";"";"";""
"Nova";2;"Fire";"None";"10";"12";"Spell - Fire";"Self";"Gesture";"";"";"";"";"";"";"";"";"";"Ignite";"";"Ignite";11;"";"Deals 1d6 + 3 Fire Damage to all other Characters within a 1 meter radius";"";"";"";""
"Noxious Fumes";2;"Creation";"None";"";"";"Upgrade";"";"";"";"";"";"";"Horrible Odor";"";"Horrible Odor, ";"";"";"Horrible Odor";"";"Noxious Fumes";0;"";"Characters that failed the CON Test also take 1D3 Decay Damage";"";"";"";""
"One with the Forest";2;"Creation";"None";"";"";"Passive";"";"";"";"";"";"";"";"";"Floral Empathy, ";"";"";"Floral Empathy";"";"Floral Empathy";18;"";"Increases your Mana Regeneration by 2 while you are in a forest<br>";"";"";"";""
"Opacity";1;"Eldritch";"Default";"";"";"Upgrade";"";"";"";"";"";"";"Shimmer";"";"";"";"";"";"";"Opacity";0;"";"Increases the Hit Chance Penalty by 1 per Level";"";"";"";""
"Organic Transmutation";4;"Alchemy";"None";"5k per Kg";"";"Recipe - Transmutation";"";"";"Any dead organic matter";"";"";"";"";"";"";"";"";"Basic Transmutation";"";"Basic Transmutation";2;"";"Turns a percentage of the organic matter equal to the quality, the rest of the matter becomes ash<br><br>Can not create complex structures, only lumps of the chosen material. Results don?t count as any specific kind of Flesh, Bone, etc. (For example: you can not create a %DQ%Cat%SQ%s Bone%DQ% or a %DQ%Leper%SQ%s Bone%DQ%, only a %DQ%Bone%DQ%)";"ash, horn, flesh, wood, tallow, blood or bone (20 + 4d6)";"";"";""
"Over Drain";3;"Air";"None";"";"";"Upgrade";"";"";"";"";"";"";"Mana Drain";"";"Mana Drain, ";"";"";"Mana Drain";"";"Over Drain";0;"";"You always drain the full amount of mana<br>If the target does not not have enough mana to drain they take Arcane damage equal to the difference";"";"";"";""
"Overhead Swing";0;"1H2H";"None";"";"+2";"Maneuver";"";"Any Two Handed Weapon except spears, One Handed swords, bludgeons and axes.";"";"";"";"";"";"";"";"";"";"";"";"Overhead Swing";0;"";"Decrease Hit Chance by 4<br>Increases Force by 4<br>Increases Damage by 2";"";"";"";""
"Paralyze";2;"Fire";"None";"+3";"+4";"Augment - Lightning";"";"";"";"";"";"";"";"";"";"";"";"Shock";"";"Electrosensitivity";7;"";"Targets hit by the spell must pass as CON Test or be ?__paralyzed__ for 1 Turn";"";"";"";""
"Parry Proficiency";5;"ProwessMelee";"Inc";"";"";"Passive";"";"";"";"";"";"";"";"";"";"";"";"";"";"Parry Proficiency";0;"";"Increases Parry Chance by 1 per Level";"";"";"";""
"Penetrating Stench";1;"Creation";"None";"";"";"Upgrade";"";"";"";"";"";"";"Horrible Odor";"";"Horrible Odor, ";"";"";"Horrible Odor";"";"Penetrating Stench";0;"";"Characters have disadvantage while performing the CON Test<br>";"";"";"";""
"Perceive Calamity";1;"Creation";"None";"";"";"Passive - ?__Sense__";"";"";"";"";"";"";"";"";"";"";"";"";"";"Perceive Calamity";0;"";"You can feel if a Character within WIL * 100 meters of you fumbles";"";"";"";""
"Perfect Self Image";3;"Eldritch";"Inc";"";"";"Augment - Illusion";"";"";"";"";"";"";"";"+5 per Level";"";"";"The Illusion replicates a discernible part of you (face, voice, etc. not a hand or foot)";"";"";"Perfect Self Image";0;"";"";"";"";"";""
"Persuation";1;"Communication";"Default";"";"";"Passive";"";"";"";"";"";"";"";"";"";"";"";"";"";"Persuation";0;"";"Increases CHAR by 1 while persuading somebody<br>";"";"";"";""
"Pick Pocketing";1;"Deception";"Inc";"";"";"Passive";"";"";"";"";"";"";"";"";"";"";"";"";"";"Pick Pocketing";0;"";"Increases FIN by 1 while pickpocketing";"";"";"";""
"Pickpocket";1;"Deception";"Inc";"";"";"Passive";"";"";"";"";"";"";"";"";"";"";"";"";"";"Pickpocket";0;"";"Increases FIN by 1 while pickpocketing";"";"";"";"pickpocketing"
"Piquer de l&#39Abeille";4;"rapier";"";"";"+2";"Maneuver Variant (Stab)";"";"Rapier";"";"";"";"";"";"";"[Weapon] Attack, ";"";"Can only be used after a successful non-critical Parry or as a Counter";"[[Weapon] Attack]Rapier Attack IV";"";"[Weapon] Attack";1;"";"Increases Critical Hit Chance by 3.<br>Increases Force by 3.<br>Decreases Hit Chance by 3";"";"";"";""
"Play [Instrument]";1;"Music";"Default";"";"";"Passive";"";"";"";"";"";"";"";"";"";"";"";"";"";"Play [Instrument]";0;"";"Increases CHA by 1 while playing the [Instrument]";"";"";"";""
"Poisonous Thicket";1;"Creation";"Exp";"";"";"Upgrade";"";"";"";"";"";"";"Create Thicket";"";"Create Thicket, ";"";"";"Create Thicket";"";"Poisonous Thicket";0;"";"Characters damaged by the thicket take an additional 1 Decay damage per Level<br>";"";"";"";""
"Prepare [Animal]";3;"Cooking";"None";"";"";"Passive";"";"";"";"";"";"";"";"";"";"";"";"";"";"Prepare [Animal]";0;"";"Increases the quality of dishes made of the chosen animal by 2d6 and allows you to re-roll up to four d6 when preparing that animal";"";"";"";""
"Punch";0;"unarmed";"";"";"6";"Basic Attack";"";"";"";"";"";"";"";"Melee Hit Chance";"";"Base Force";"";"";"";"Punch";0;"";"Deal 1D6 + (STR / 2) - 5 Blunt Damage";"";"";"";"Basic, Melee, Brawl"
"Pyroclasm";4;"Fire";"None";"12";"Channel 15";"Spell - Fire, AoE";"5m";"Gesture";"";"";"";"";"";"";"";"";"";"Fireball";"";"Ignite";4;"";"Deal 2d6 + 2 Fire Damage to all Characters in a 2 meter radius";"";"";"";""
"Pyrosonic Blast";4;"Fire";"";"+10";"";"Upgrade";"";"";"";"";"";"";"Incendiary Launch";"";"Incendiary Launch, ,Nova, ";"";"";"Incendiary Launch, Nova";"";"Ignite";18;"";"When you reach your destination deal 1d6 Fire Damage and 1d6 + 4 Blunt Damage to all Characters within a 2 meter Radius.";"";"";"";""
"Quick Aim";0;"Ranged";"";"";"-50% (Launching)";"Maneuver";"";"Any Ranged Weapon";"";"";"";"";"";"-4";"";"";"";"";"";"Quick Aim";0;"";"";"";"";"";""
"Radius Nova";1;"Fire";"Inc";"";"";"Upgrade";"";"";"";"";"";"Radius";"Nova";"";"Nova, ";"";"";"Nova";"";"Radius Nova";0;"";"Increases the radius by 0.5m per Level";"";"";"";""
"Range";1;"Creation";"Inc";"";"";"Upgrade";"";"";"";"";"";"";"Call Beast";"";"";"";"";"Call Beast";"";"Range";0;"";"Doubles the range of call beast once per Level";"";"";"";""
"Range";2;"Divine";"None";"";"";"Upgrade";"3m";"";"";"";"";"";"Smite";"";"";"";"";"";"";"Range";0;"";"";"";"";"";""
"Range Call Beast";1;"Creation";"Inc";"";"";"Upgrade";"";"";"";"";"";"Range";"Call Beast";"";"Call Beast, ";"";"";"Call Beast";"";"Range Call Beast";0;"";"Doubles the range of call beast once per Level";"";"";"";""
"Reach Fire Lance";2;"Fire";"None";"";"";"Upgrade";"";"";"";"";"";"Reach";"Fire Lance";"";"Fire Lance, ";"";"";"Fire Lance";"";"Reach Fire Lance";0;"";"Range becomes infinite, reduces damage dealt by 2 for each meter the torrent travelled. (The torrent still stops after the first target it hits)";"";"";"";""
"Reap Entrails";3;"Corruption";"None";"4";"";"Maneuver";"";"Boxing";"";"";"";"";"";"";"";"";"";"Blood Boil";"";"Bloodscent";6;"";"Instantly kills any target with entrails and 4 or less HP<br>Attack deals no damage otherwise.<br>If the target is killed this way all enemy Characters within a 4m radius and line of sight towards you must pass a COU Test or be ?_afraid_Fear__ of you.";"";"";"";""
"Recall";-1;"Earth";"None";"2 per Kg";"8";"Action";"";"";"";"";"";"";"";"";"";"";"You must be able to see the object";"";"";"Recall";0;"";"Causes the recalled object to quickly move towards your hand. The object will slow down in order to not hurt you.<br>The object can only move in a direct line towards you";"";"";"";""
"Repel Beast";2;"Creation";"None";"6";"12";"Spell";"5 meters";"Incantation";"";"";"";"";"";"WIL";"";"";"";"Animalistic Instinct";"";"Animalistic Instinct";14;"";"Causes an animal to become ?_afraid_Fear__ of you and flee if possible<br>";"";"";"";""
"Restore";3;"Divine";"None";"1000 x Size of Injury";"";"Ritual - Salvation";"5m";"Gesture, Incantation";"500ml Holy water";"";"";"";"";"DEV";"";"";"";"Mend";"";"Healing Touch";5;"";"";"Reduces the size of an injury by Q/50.";"DEVd6";"";""
"Rig Plant";2;"Creation";"None";"Base Spell +2";"Channel X, where X is the AP Cost of the base spell";"Spell - Enchantment, Sigil";"10m";"Gesture";"";"";"";"";"";"Base Spell";"";"";"";"Create Shrub";"";"Floral Empathy";10;"";"Choose a floral spell and a ?__plant__ before you start Channeling.<br>Imbue a ?__Sigil__ with the trigger %DQ%Any Character within 1m%DQ% and the Effect of the base spell on the plant";"";"";"";""
"Ritual of Stolen Health";3;"Corruption";"None";"2k";"";"Ritual - Demonic";"";"";"";"";"";"";"";"";"";"";"";"Ritualist (I)";"";"Ritualist";1;"Silver Dagger";"";"Transfers an injury with a remaining size of Q/10 or less from one person to another. The healed person has heavy scarring where the injury use to be.<br>If the Quality is not sufficient to transfer the whole injury, transfer as much as possible.";"10 + 3d6";"";""
"Ritual of the Clawed Hand";2;"Corruption";"None";"10k";"";"Ritual - Demonic";"";"";"A severed hand (no older than 30min)<br>10 liters of blood from carnivorous animals<br>4 Candles<br>The heart of a herbivorous animal the owner of the hand killed with their bare hands";"";"";"";"";"";"";"";"";"Ritualist (II)";"";"Ritualist";2;"";"";"Replaces the severed hand with a clawed hand.<br>?__items?name=clawed hand_Container_";"20 + WILd6";"";""
"Ritual of the Split Tongue";2;"Corruption";"None";"5k";"";"Ritual - Demonic";"";"";"The tongue of a person who trusted you<br>The blade used to cut out the tongue (not consumed)<br>50 grams of silver";"";"";"";"";"";"";"";"";"Ritualist (II)";"";"Ritualist";3;"";"";"Your tongue becomes visibly split like a snake tongue.<br>?__items?name=split tongue_Container_";"20 + 3d6 + Xd6 where X is the number of years you knew the tongues owner";"";""
"Ritualist";1;"Corruption";"Inc";"";"";"Passive";"";"";"";"";"";"";"";"";"";"";"";"";"";"Ritualist";0;"";"Increases the Quality of all Demonic Rituals you perform by 10";"";"";"";""
"Rotisseur";3;"Cooking";"Inc";"";"";"Passive - ?__Profession__";"";"";"";"";"";"";"";"";"";"";"";"Cook (I)";"";"Cook";2;"";"Applies to roasts, steaks and barbecues.<br>Increases quality by 2d6 and allows you to re-roll up to four d6 per Level";"";"";"";""
"Running Assault";0;"ProwessMelee";"None";"";"-2";"Maneuver";"";"Any Melee";"";"";"";"";"";"";"";"";"Last Action was movement with a speed of at least 10 straight towards the target";"";"";"Running Assault";0;"";"Decrease your Hit Chance and increase your Force each by half your current speed (Note: current speed =/= MPA).";"";"";"";""
"Sandblast";2;"Earth";"None";"10";"6";"Spell - Sand";"2m";"Gesture";"";"";"";"";"";"WIL";"";"";"";"";"";"Sandblast";0;"";"Launches a handful of sand at the target.<br>If the target can see and is hit in the eyes it becomes ?__distracted__ for 1 Turn";"";"";"Pocket Sand!";""
"Sandstorm";3;"Earth";"None";"10";"Channel X";"Spell - Sand";"";"Gesture";"";"";"";"";"";"WIL";"";"";"";"Sandblast";"";"Sandblast";1;"";"Create a sandstorm in an area with a 30m radius around you, all Characters inside the sandstorm are ?__distracted__ and have their sight reduced by 5<br>If cast indoors the area is limited to the current room";"";"";"What song is this?";""
"Savage Cleave";4;"Corruption";"None";"+4";"";"Maneuver";"";"Any Melee Weapon";"";"";"";"";"";"";"";"+2";"";"Reap Entrails";"";"Bloodscent";9;"";"Deals Damage to all Characters within a 180 Degree area and in melee range in front of you in order from your main hand to your off hand.<br>If the target dies or is destroyed continue on to the next target in order.<br><br>If you are affected by Blood Boil you always hit all targets even if they don%SQ%t die";"";"";"";""
"Savage Leap";3;"Corruption";"None";"6";"5";"Spell";"";"";"";"";"";"";"";"";"";"";"";"Blood Boil";"";"Bloodscent";11;"";"Jump up to 3 + 1d3 towards the target<br>If you have the targets Blood Scent you may jump at least 5 meters";"";"";"";""
"Savage Presence";2;"Creation";"None";"8";"10";"Spell";"";"";"";"";"";"";"";"WIL";"";"";"";"Animalistic Instinct";"";"Animalistic Instinct";15;"";"All animals that can see or smell you become ?_afraid_Fear__ of you unless they pass a COU Test";"";"";"";""
"Savage Roar";2;"Creation";"None";"8";"16";"Spell";"";"";"";"";"";"";"";"WIL";"";"";"";"Savage Presence";"";"Animalistic Instinct";16;"";"All  enemy Characters that can see or smell you become ?_afraid_Fear__ of you unless they pass a COU Test";"";"";"";""
"Sense Death";2;"Corruption";"None";"";"";"Passive - ?__Sense__";"";"";"";"";"";"";"";"";"";"";"";"";"";"Sense Death";0;"";"You can sense when a Character within 100m dies";"";"";"";""
"Sense Ghosts";3;"Divine";"None";"";"";"Passive - Sense";"";"";"";"";"";"";"";"";"";"";"";"";"";"Sense Ghosts";0;"";"You can see ?__Ethereal__ Characters";"";"";"";""
"Shackle";1;"Sabotage";"Default";"";"";"Passive";"";"";"";"";"";"";"";"";"";"";"";"";"";"Shackle";0;"";"Decreases the Dexterity of Characters trying to slip or loosen knots you tied by 1 per Level";"";"";"";""
"Shadow Dash";2;"Air";"None";"";"";"Upgrade";"";"";"";"";"";"";"Dash";"";"Dash, ,Shadow Step, ";"";"";"Dash, Shadow Step";"";"Like the Wind";13;"";"Dashing makes no sound";"";"";"";""
"Shadow Step";3;"Air";"None";"~6";"10";"Spell - Enchantment";"Self";"";"";"Until Canceled";"";"";"";"";"Draft Jump, ";"";"";"Draft Jump";"";"Like the Wind";8;"";"Your feet do not leave an impression on the ground and your footsteps are completely silent";"";"";"";""
"Shimmer";2;"Eldritch";"None";"~2";"6";"Spell - Enchantment, Illusion";"3m";"Gesture";"";"";"";"";"";"CHA";"";"";"";"";"";"Shimmer";0;"";"Causes  the air inside a sphere with a radius of 1 meter to shimmer and %DQ%smudge%DQ% light passing through it.<br><br>If a Character aims through the shimmer their Hit Chance is reduced by 4";"";"";"";""
"Shock";1;"Fire";"None";"4";"8";"Spell - Lightning";"Touch";"Gesture";"";"";"";"";"";"INT";"";"";"";"Electrosensitivity";"";"Electrosensitivity";1;"";"Deals 1d6 Fire Damage";"";"";"";""
"Silencing Touch";3;"Divine";"None";"8";"12";"Spell - Damnation";"Touch";"Gesture";"";"";"";"";"";"DEV";"";"";"";"";"";"Silencing Touch";0;"";"The target becomes ?__silenced__ for 2 turns";"";"";"";""
"Singing";1;"Music";"Default";"";"";"Passive";"";"";"";"";"";"";"";"";"";"";"";"";"";"Singing";0;"";"Increases CHA by 1 while singing";"";"";"";""
"Skull Cracker";2;"Bludgening1H";"None";"";"+2";"Maneuver Variant (Overhead Swing)";"";"";"";"";"";"";"Overhead Swing";"";"";"";"";"";"";"Skull Cracker";0;"";"Decrease Hit Chance by 4<br>Increases Force by 4<br>Increases Damage by 2<br><br>Increase Knockout Chance by 2";"";"";"";""
"Sleigh of Hand";1;"Deception";"Inc";"";"";"Passiv";"";"";"";"";"";"";"";"";"";"";"";"";"";"Sleigh of Hand";0;"";"Increases FIN by 1 per Level when performing sleigh of hand";"";"";"";""
"Smite";3;"Divine";"None";"5";"10";"Spell - Damnation";"Touch";"Gesture";"";"";"";"";"";"DEV";"";"";"";"";"";"Smite";0;"";"Deals 1d6 Holy Damage";"";"";"";""
"Smiting Blow";3;"Divine";"None";"+5";"";"Maneuver - Damnation";"";"Any Melee Attack except Rapier and Dagger";"";"";"";"";"";"";"";"";"";"Smite";"";"Smite";7;"";"Deals an additional 1d3 Holy Damage, if the weapon would cause Blunt damage it deals 1d6 Holy Damage instead of 1d3";"";"";"";""
"Snatch";1;"Deception";"Inc";"";"";"Passive";"";"";"";"";"";"";"";"";"";"";"";"";"";"Snatch";0;"";"+1 STR per Level when trying to grapple another Character while unnoticed by them";"";"";"";""
"Song of Dreams";3;"Music";"None";"10";"Channel X";"Spell - Song, Psyonic";"";"";"";"";"";"";"";"CHA - 3 (Singing) or CHA (Instrument)";"";"";"";"Telepathy";"";"Mind Blast";7;"";"All Characters that can hear you must pass a WIL Test or fall ?_asleep_sleeping__ until they are awoken or the song ends";"";"";"A soft and soothing melody, it wiggles into your ear and lulls you to sleep.";""
"Song of Joy";3;"Music";"None";"10";"Channel X";"Spell - Song, Psyonic";"";"";"";"";"";"";"";"CHA - 3 (Singing) or CHA (Instrument)";"Song of Dreams, ";"";"";"Song of Dreams";"";"Mind Blast";9;"";"All Characters that can hear you feel a rush of joy wash over them.<br><br>Can not be used to calm enraged Characters.";"";"";"";""
"Spew Fire";2;"Fire";"None";"8";"10";"Spell - Fire, AoE";"2m";"";"";"";"";"";"";"INT";"";"";"";"Ignite";"";"Ignite";15;"";"Deals 1d6 + 2 Fire Damage to all Characters within a 90";"";"";"";""
"Sprinting";1;"Acrobatics";"Exp";"";"";"Passive";"";"";"";"";"";"";"";"";"";"";"";"";"";"Sprinting";0;"";"Increases your maximum movement speed by 1 per level while sprinting (this does not increase your base MPA)";"";"";"";""
"Stab";0;"1H2H";"";"";"+2";"Maneuver";"";"Any Pointed Weapon except Dagger and Pike";"";"";"";"";"";"";"";"";"";"";"";"Stab";0;"";"Increases Force by 3. Decreases Hit Chance by 3";"";"";"";""
"Stabbing Branch";3;"Creation";"None";"8";"10";"Spell - Floral";"";"Gesture";"";"";"";"";"";"WIL";"";"";"";"Lashing Vines";"";"Floral Empathy";13;"";"Choose a ?__plant__ within 10 meters of you. Target Character within 2 meters of the plant takes 1D6 + 3 Piercing Damage.<br>If the target takes at least 8 Piercing Damage the branch gets stuck in the targets body and the target becomes ?__ensnared__ for 2 turns or until the branch is removed (12AP, performable by victim or any other Character in melee range)<br><br>";"";"";"";""
"Steadyshot";0;"ProwessRanged";"";"";"Channel 10";"Stance";"";"";"";"";"";"";"";"";"";"";"";"";"";"Steadyshot";0;"";"Steady your hands for to increase the Hit Chance of your next shot (without any actions in between) by 4<br>";"";"";"";""
"Stitch Wound";1;"Medicine";"Default";"";"";"Passive";"";"";"";"";"";"";"";"";"";"";"";"";"";"Stitch Wound";0;"";"";"Closed Wound (20 + 4d6)";"";"";"Healing"
"Strange Sounds";2;"Eldritch";"None";"3";"6";"Spell - Illusion";"15m";"";"";"";"";"";"";"CHA";"";"";"";"";"";"Strange Sounds";0;"";"Create a simple noise like a scream%COMMA% a bang%COMMA% a whistle or howling wind at the chosen location%COMMA% loud enough to be heard over 15 meters";"";"";"";""
"Struggle";0;"Earth";"None";"";"";"Action";"";"";"";"";"";"";"";"STR";"";"";"Target must be grappled or be grappling you<br>You have more than 0 Stamina";"";"";"Struggle";0;"";"Target loses 5 Stamina";"";"";"";""
"Summon Cinderling";3;"Fire";"None";"~3";"";"Spell - Summon";"";"Gesture";"";"";"";"";"";"";"";"";"";"Gaian Arbiter";"";"Gaian Arbiter";1;"";"?__creatures?name=cinderling_Container_";"";"";"";""
"Summon Companion";3;"Creation";"None";"6";"6";"Spell";"";"";"";"";"";"";"";"WIL";"";"";"";"Discover Spirit Animal";"";"Animalistic Instinct";8;"";"Creates a Ghostly Companion in the form of your spirit animal. Only one companion spirit can be summoned at a time.<br>?_Ghostly Companion_creatures?name=Ghostly Companion_Container_";"";"";"";""
"Summon Effigy";3;"Divine";"None";"~5";"14";"Spell";"5m";"Incantation";"";"";"";"";"";"DEV";"";"";"";"";"";"Summon Effigy";0;"";"Summons an effigy at the chosen location?__creatures?name=Effigy_Container_";"";"";"";""
"Summon Gustling";3;"Air";"None";"~3";"";"Spell - Summon";"";"Gesture";"";"";"";"";"";"";"";"";"";"Gaian Arbiter";"";"Gaian Arbiter";2;"";"?__creatures?name=puddling_Container_";"";"";"";""
"Summon Pebbling";3;"Earth";"None";"~3";"";"Spell - Summon";"";"Gesture";"";"";"";"";"";"";"";"";"";"Gaian Arbiter";"";"Gaian Arbiter";3;"";"?__creatures?name=pebbling_Container_";"";"";"";""
"Summon Puddling";3;"Water";"None";"~3";"";"Spell - Summon";"";"";"";"";"";"";"";"";"";"";"";"Gaian Arbiter";"";"Gaian Arbiter";4;"";"?__creatures?name=puddling_Container_";"";"";"";""
"Tear Asunder";2;"Corruption";"None";"";"";"Upgrade";"";"Any Ranged Weapon";"";"";"";"";"Reap Entrails";"";"";"";"";"";"";"Tear Asunder";0;"";"Reap Entrails is guaranteed to hit if you have grappled the target";"";"";"";""
"Telekinesis";3;"Eldritch";"None";"";"";"Passive";"";"";"";"";"";"";"";"";"Mind Blast, ";"";"";"Mind Blast";"";"Mind Blast";2;"";"Allows you to pick up objects with your mind and move them around freely.<br><br>What objects you can ?_lift_Lifting__ is determined as usual with some exceptions:<br>- Use your WIL - 5 instead of your STR to determine if you can lift the object<br>- Reduce your WIL equal to the distance in meters rounded down between you and the object<br>- Modifiers like slippery surface do not apply";"";"";"";""
"Telepathy";4;"Eldritch";"None";"";"";"Passive - Language";"";"";"";"";"";"";"";"";"";"";"";"Mind Blast";"";"Mind Blast";4;"";"Allows you to telepathically communicate with Characters in a radius equal to your INT.<br>Those Characters can not answer you telepathically unless they themselves are telepaths.";"";"";"";""
"Telepocket";3;"Eldritch";"None";"";"";"Passive";"";"";"";"";"";"";"";"";"";"";"";"Telekinesis";"";"Mind Blast";3;"";"Allows you to use telekinesis for pick pocketing by rolling for WIL instead of FIN, modifiers work the same way as regular Telekinesis, the base reduction by 5 does not apply";"";"";"";"pickpocketing"
"Thaumaturg";1;"Enchanting";"Default";"";"";"Passive";"";"";"";"";"";"";"";"";"";"";"";"";"";"Thaumaturg";0;"";"Increase the Quality of all Enchantment Recipes you perform by 1d6";"";"";"";""
"Thaumopath";5;"ProwessMagic";"None";"";"";"Passive - ?__Sense__";"";"";"";"";"";"";"";"";"";"";"";"";"";"Thaumopath";0;"";"You can detect the casting of spells by sensing changes in the aether.<br>The more mana is spent to cast a spell the further you can sense it. (Range ~ Mana * 0.5m)<br>You can not sense what kind of spell is being cast, only the approximate amount of mana spent.<br>Walls do not occlude spells.";"";"";"";""
"Toxic Fumes";1;"Creation";"Exp";"";"";"Upgrade";"";"";"";"";"";"";"Horrible Odor";"";"Horrible Odor, ,Noxious Fumes, ";"";"";"Horrible Odor, Noxious Fumes";"";"Noxious Fumes";1;"";"Characters that failed the CON Test also take an additional 1 Decay Damage per Level<br>";"";"";"";""
"Tracking";1;"Survival";"Default";"";"";"Passive";"";"";"";"";"";"";"";"";"";"";"";"";"";"Tracking";0;"";"Increases INT by 1 while analysing tracks";"";"";"";""
"Transform Cutlery";1;"Eldritch";"None";"";"";"Cantrip";"";"";"";"";"";"";"";"";"";"";"";"";"";"Transform Cutlery";0;"";"Bend a spoon, knife or fork";"";"";"";""
"Tremor";3;"Earth";"None";"6";"";"Spell";"";"";"";"";"";"";"";"WIL";"";"";"";"";"";"Tremor";0;"";"All other Characters within 5m must pass a CON Test or fall to the ground";"";"";"";""
"Turn up the Heat";4;"Fire";"None";"X";"Channel X < 20";"Spell - Fire, Buff";"";"";"";"3 Turns";"";"";"";"";"";"";"";"Spew Fire";"";"Ignite";19;"";"The next Fire spell you cast deals an additional (X/5)d6 Fire Damage. Does not stack, highest X value takes precedence.";"";"";"";""
"Unarmed Parry";0;"Unarmed";"";"";"";"Parry";"";"";"";"";"";"";"";"Parry Chance";"";"";"";"";"";"Unarmed Parry";0;"";"Parry an attack";"";"";"";"Basic"
"Uppercut";0;"unarmed";"";"";"+2";"Maneuver";"";"Boxing";"";"";"";"";"";"";"";"";"";"";"";"Uppercut";0;"";"Decrease Hit Chance by 4<br>Increases Force by 4<br>Increases Damage by 2";"";"";"";""
"Vicious Thicket";2;"Creation";"None";"";"";"Upgrade";"";"";"";"";"";"";"Create Thicket";"";"Bramble Thicket, ,Create Thicket, ";"";"";"Create Thicket, Bramble Thicket";"";"Bramble Thicket";1;"";"Characters moving below Unsafe Speed also take 1D3 Piercing Damage when moving inside of or through the thicket<br>";"";"";"";""
"Vintner";3;"Cooking";"Inc";"";"";"Passive - ?__Profession__";"";"";"";"";"";"";"";"";"";"";"";"Cook (I)";"";"Cook";3;"";"Applies to spirits, beers and wines.<br>Increases quality by 2d6 and allows you to re-roll up to four d6 per Level";"";"";"";""
"Volumetric Projection";4;"Eldritch";"None";"~5 per cubic meter (rounded up)";"10";"Spell - Enchantment, Illusion, Projection";"5m";"";"";"";"";"";"";"CHA - 3";"";"";"";"Molded Projection";"";"Shimmer";9;"";"Creates an actual three dimensional still image.<br>The image is indistinguishable from the real object by sight alone but can be recognized by other senses. <br>The image makes no sound and has no actual substance (other object will move through it)";"";"";"";""
"War Caster";1;"ProwessMagic";"inc";"";"";"Passive";"";"";"";"";"";"";"";"";"";"";"";"";"";"War Caster";0;"";"You may ?_meditate_Meditation__ while not at full stamina as long as you do not have more than 10% per level less stamina than your maximum";"";"";"";""
"Water Blast";2;"Water";"None";"8 (4 if water is supplied)";"10";"Spell - Water";"";"Gesture";"10 liters of water (optional)";"";"";"";"";"INT";"";"";"";"Create Water";"";"Create Water";3;"";"Deals 1d3 Blunt Damage to the target<br>?_knoocks back_Knock Back__ the target by 1m";"";"";"";""
"Whirling Death";4;"Corruption";"None";"";"";"Maneuver";"";"Any thrown weapon";"";"";"";"";"";"";"";"+4";"";"Savage Cleave";"";"Bloodscent";10;"";"If the target is killed or destroyed the weapon continues on in a straight line until it falls to the ground or hits something else. If the new target is also killed or destroyed repeat this process";"";"";"";""
"Wield [Ranged Weapon]";1;"Ranged";"Inc";"";"";"Passive";"";"";"";"";"";"";"";"";"";"";"";"";"";"Wield [Ranged Weapon]";0;"";"Increase Hit Chance with [Ranged Weapon] by 1 per Level<br>";"";"";"";""
"Yield Harvest";3;"Creation";"None";"500";"";"Ritual";"";"";"";"";"";"";"";"";"Grow Plant, ";"";"";"Grow Plant";"";"Floral Empathy";15;"";"Extract a single fruit that the plant could produce or extract one dose of any substance that plant could produce<br>";"";"";"";""
"[Animal] Quick Morph";3;"Creation";"None";"10";"10";"Spell - Polymorph";"";"";"";"";"";"";"";"";"";"";"";"Form of the [Animal]";"";"Animalistic Instinct";7;"";"Transform into the chosen Animal if it has between four times and a fourth of your mass. Cast again to transform back into your original form.<br>You gain all Physical Attributes of the Animal and keep your Mental Attributes. You can not cast spells except Form of the [Animal] while you are transformed<br><br>";"";"";"";""
"[Animal] Tongue";2;"Creation";"Inc";"";"";"Passive - ?__Language__";"";"";"";"";"";"";"";"";"";"";"";"Animalistic Instinct";"";"Animalistic Instinct";17;"";"Allows you to talk to animals of the chosen ?_group_Animal Groups__";"";"";"";""
"[One Handed] Attack Speed";1;"1H";"Inc";"";"";"Passive";"";"";"";"";"";"";"";"";"";"";"";"";"";"[One Handed] Attack Speed";0;"";"Reduces the Action Point Cost of attacking with the chosen weapon by 1 per Level but not below 50% of the original value";"";"";"";""
"[Two Handed] Attack Speed";1;"2H";"Inc";"";"";"Passive";"";"";"";"";"";"";"";"";"";"";"";"";"";"[Two Handed] Attack Speed";0;"";"Reduces the Action Point Cost of attacking with the chosen weapon by 1 per Level but not below 75% of the original value";"";"";"";""
"[Weapon] Attack";1;"1H2H";"inc";"";"";"Passive";"";"";"";"";"";"";"";"";"";"";"";"";"";"[Weapon] Attack";0;"";"Increases your Hit Chance with [Weapon] by 1 per Level";"";"";"";""
"[Weapon] Offhand Proficiency";4;"1H";"None";"";"";"Passive";"";"";"";"";"";"";"";"";"";"";"";"";"";"[Weapon] Offhand Proficiency";0;"";"Reduces the Hit and Parry penalty for using [Weapon] with your offhand by 2";"";"";"";"multicombat, off hand"
"[Weapon] Parry";1;"1H2H";"inc";"";"";"Passive";"";"";"";"";"";"";"";"";"";"";"";"";"";"[Weapon] Parry";0;"";"Increases your Parry Chance with [Weapon] by 1 per Level";"";"";"";""
